id,Exited
15000,0.2665
15001,0.0113
15002,0.1766
15003,0.6185
15004,0.0637
15005,0.1765
15006,0.0113
15007,0.0113
15008,0.0636
15009,0.0113
15010,0.0448
15011,0.9264
15012,0.0448
15013,0.2665
15014,0.0113
15015,0.0113
15016,0.0636
15017,0.0113
15018,0.4872
15019,0.0113
15020,0.0113
15021,0.0636
15022,0.9264
15023,0.2195
15024,0.0113
15025,0.6185
15026,0.6185
15027,0.0113
15028,0.1765
15029,0.608
15030,0.3905
15031,0.2665
15032,0.0636
15033,0.1766
15034,0.4872
15035,0.0113
15036,0.0113
15037,0.6185
15038,0.1766
15039,0.0113
15040,0.5982
15041,0.0113
15042,0.0113
15043,0.0113
15044,0.0113
15045,0.0637
15046,0.1765
15047,0.9264
15048,0.0113
15049,0.1765
15050,0.0113
15051,0.0636
15052,0.0448
15053,0.4872
15054,0.2665
15055,0.0113
15056,0.0113
15057,0.9264
15058,0.9264
15059,0.0448
15060,0.0113
15061,0.0113
15062,0.6185
15063,0.6185
15064,0.0448
15065,0.0637
15066,0.0448
15067,0.9264
15068,0.8293
15069,0.0113
15070,0.6185
15071,0.0113
15072,0.3905
15073,0.6185
15074,0.0113
15075,0.0113
15076,0.0113
15077,0.0637
15078,0.0113
15079,0.2665
15080,0.8293
15081,0.0448
15082,0.0636
15083,0.0637
15084,0.0113
15085,0.0448
15086,0.8293
15087,0.0113
15088,0.0113
15089,0.0448
15090,0.0113
15091,0.0113
15092,0.0113
15093,0.0448
15094,0.0113
15095,0.0113
15096,0.6185
15097,0.0113
15098,0.0113
15099,0.1765
15100,0.0113
15101,0.8293
15102,0.608
15103,0.3905
15104,0.608
15105,0.0113
15106,0.1765
15107,0.9264
15108,0.0113
15109,0.0113
15110,0.1765
15111,0.0113
15112,0.4872
15113,0.0113
15114,0.0113
15115,0.0113
15116,0.0113
15117,0.9077
15118,0.0636
15119,0.1766
15120,0.0113
15121,0.2195
15122,0.0113
15123,0.0113
15124,0.2665
15125,0.0113
15126,0.9264
15127,0.0113
15128,0.0448
15129,0.2665
15130,0.0113
15131,0.8293
15132,0.0448
15133,0.0637
15134,0.0113
15135,0.8293
15136,0.4872
15137,0.0636
15138,0.1765
15139,0.0113
15140,0.0113
15141,0.9264
15142,0.0113
15143,0.8293
15144,0.5982
15145,0.0113
15146,0.0636
15147,0.1766
15148,0.0113
15149,0.9264
15150,0.0448
15151,0.4872
15152,0.9077
15153,0.0637
15154,0.9264
15155,0.1887
15156,0.0113
15157,0.0636
15158,0.2195
15159,0.6185
15160,0.1766
15161,0.0113
15162,0.0113
15163,0.0113
15164,0.0113
15165,0.0448
15166,0.5982
15167,0.2195
15168,0.0448
15169,0.0113
15170,0.2195
15171,0.0113
15172,0.0448
15173,0.9264
15174,0.6185
15175,0.0636
15176,0.0113
15177,0.2665
15178,0.0636
15179,0.0113
15180,0.5982
15181,0.9264
15182,0.0448
15183,0.6185
15184,0.0113
15185,0.6185
15186,0.0448
15187,0.0113
15188,0.0636
15189,0.0113
15190,0.2665
15191,0.0113
15192,0.2665
15193,0.1765
15194,0.6185
15195,0.2195
15196,0.6185
15197,0.0113
15198,0.6185
15199,0.0636
15200,0.0448
15201,0.0637
15202,0.0113
15203,0.0113
15204,0.0113
15205,0.1766
15206,0.1766
15207,0.1766
15208,0.0113
15209,0.2195
15210,0.0113
15211,0.0636
15212,0.4872
15213,0.0113
15214,0.0448
15215,0.0113
15216,0.6185
15217,0.0448
15218,0.0637
15219,0.0113
15220,0.0113
15221,0.0113
15222,0.1765
15223,0.0113
15224,0.0113
15225,0.4872
15226,0.6185
15227,0.0636
15228,0.6185
15229,0.0637
15230,0.8293
15231,0.6185
15232,0.0448
15233,0.0637
15234,0.9928
15235,0.0113
15236,0.2665
15237,0.1887
15238,0.0113
15239,0.0113
15240,0.1765
15241,0.0113
15242,0.2665
15243,0.6185
15244,0.0113
15245,0.6185
15246,0.1765
15247,0.1766
15248,0.4872
15249,0.0448
15250,0.0113
15251,0.0113
15252,0.2665
15253,0.1766
15254,0.0113
15255,0.0113
15256,0.0113
15257,0.0448
15258,0.608
15259,0.1765
15260,0.0113
15261,0.9928
15262,0.0113
15263,0.5982
15264,0.2665
15265,0.1887
15266,0.1765
15267,0.0636
15268,0.0113
15269,0.0113
15270,0.0448
15271,0.0113
15272,0.0448
15273,0.0636
15274,0.8293
15275,0.608
15276,0.4872
15277,0.0113
15278,0.0113
15279,0.1766
15280,0.9264
15281,0.0113
15282,0.0636
15283,0.6185
15284,0.0113
15285,0.9264
15286,0.0113
15287,0.0113
15288,0.0113
15289,0.0448
15290,0.0113
15291,0.0113
15292,0.1765
15293,0.9264
15294,0.0113
15295,0.1765
15296,0.0448
15297,0.0113
15298,0.0113
15299,0.0113
15300,0.0637
15301,0.6185
15302,0.2665
15303,0.0113
15304,0.0113
15305,0.1765
15306,0.0448
15307,0.6185
15308,0.0113
15309,0.9928
15310,0.6185
15311,0.2665
15312,0.0113
15313,0.0113
15314,0.0113
15315,0.0113
15316,0.1765
15317,0.0113
15318,0.6185
15319,0.0113
15320,0.0448
15321,0.0113
15322,0.0113
15323,0.0113
15324,0.9264
15325,0.0113
15326,0.0637
15327,0.3905
15328,0.1765
15329,0.0113
15330,0.0636
15331,0.0448
15332,0.0113
15333,0.0448
15334,0.2665
15335,0.0113
15336,0.0448
15337,0.0113
15338,0.0636
15339,0.0448
15340,0.0113
15341,0.0113
15342,0.9264
15343,0.0448
15344,0.0448
15345,0.0637
15346,0.8293
15347,0.0448
15348,0.0448
15349,0.0113
15350,0.0113
15351,0.0113
15352,0.0448
15353,0.2195
15354,0.0113
15355,0.0636
15356,0.4872
15357,0.0113
15358,0.0113
15359,0.0113
15360,0.0113
15361,0.0113
15362,0.0113
15363,0.0113
15364,0.0448
15365,0.6185
15366,0.6185
15367,0.9264
15368,0.0448
15369,0.0113
15370,0.6185
15371,0.0113
15372,0.0113
15373,0.1765
15374,0.608
15375,0.1765
15376,0.2665
15377,0.6185
15378,0.0113
15379,0.9264
15380,0.6185
15381,0.0636
15382,0.0113
15383,0.0113
15384,0.6185
15385,0.1765
15386,0.3905
15387,0.0448
15388,0.0113
15389,0.0113
15390,0.1766
15391,0.1765
15392,0.0113
15393,0.0113
15394,0.0113
15395,0.0113
15396,0.1766
15397,0.0113
15398,0.0113
15399,0.0113
15400,0.5982
15401,0.1765
15402,0.0113
15403,0.1765
15404,0.0637
15405,0.0637
15406,0.2665
15407,0.0113
15408,0.1765
15409,0.4872
15410,0.2195
15411,0.0113
15412,0.0448
15413,0.6185
15414,0.9264
15415,0.0113
15416,0.0113
15417,0.2195
15418,0.0448
15419,0.1765
15420,0.0637
15421,0.0636
15422,0.0448
15423,0.2195
15424,0.0636
15425,0.9264
15426,0.2195
15427,0.0448
15428,0.1766
15429,0.0448
15430,0.0113
15431,0.0113
15432,0.0113
15433,0.0113
15434,0.0113
15435,0.0113
15436,0.0637
15437,0.5982
15438,0.0113
15439,0.0113
15440,0.0448
15441,0.9077
15442,0.6185
15443,0.2665
15444,0.0636
15445,0.0113
15446,0.0448
15447,0.0113
15448,0.9264
15449,0.0636
15450,0.0113
15451,0.0113
15452,0.3905
15453,0.0637
15454,0.2665
15455,0.9264
15456,0.0448
15457,0.0113
15458,0.0448
15459,0.2195
15460,0.6185
15461,0.0448
15462,0.0113
15463,0.0113
15464,0.9264
15465,0.2665
15466,0.0113
15467,0.608
15468,0.0113
15469,0.0448
15470,0.0113
15471,0.0636
15472,0.1765
15473,0.0448
15474,0.1765
15475,0.4872
15476,0.2665
15477,0.0113
15478,0.0113
15479,0.0448
15480,0.1766
15481,0.9264
15482,0.1766
15483,0.9264
15484,0.0113
15485,0.2665
15486,0.0113
15487,0.9264
15488,0.0113
15489,0.0448
15490,0.9264
15491,0.3905
15492,0.9264
15493,0.1765
15494,0.0448
15495,0.5982
15496,0.0637
15497,0.0113
15498,0.9264
15499,0.2665
15500,0.0113
15501,0.0113
15502,0.1766
15503,0.9264
15504,0.1765
15505,0.0113
15506,0.0636
15507,0.0113
15508,0.2195
15509,0.0113
15510,0.1765
15511,0.0636
15512,0.0113
15513,0.0113
15514,0.0448
15515,0.0113
15516,0.1766
15517,0.2665
15518,0.0113
15519,0.0113
15520,0.1765
15521,0.0636
15522,0.1765
15523,0.0448
15524,0.0637
15525,0.0113
15526,0.0113
15527,0.0113
15528,0.0113
15529,0.0113
15530,0.0113
15531,0.0636
15532,0.0636
15533,0.0448
15534,0.0113
15535,0.1765
15536,0.608
15537,0.0113
15538,0.0636
15539,0.0113
15540,0.0637
15541,0.0113
15542,0.0113
15543,0.0113
15544,0.0113
15545,0.0448
15546,0.608
15547,0.0637
15548,0.0113
15549,0.8293
15550,0.0113
15551,0.0113
15552,0.0113
15553,0.0448
15554,0.1887
15555,0.0113
15556,0.0113
15557,0.0113
15558,0.0448
15559,0.0448
15560,0.0113
15561,0.0113
15562,0.0113
15563,0.0113
15564,0.0113
15565,0.1766
15566,0.0448
15567,0.0113
15568,0.0113
15569,0.0113
15570,0.1765
15571,0.1766
15572,0.9264
15573,0.0448
15574,0.0113
15575,0.0113
15576,0.1766
15577,0.6185
15578,0.6185
15579,0.4872
15580,0.0113
15581,0.1765
15582,0.0113
15583,0.0113
15584,0.0113
15585,0.9928
15586,0.0113
15587,0.0113
15588,0.0637
15589,0.0113
15590,0.0113
15591,0.0113
15592,0.0448
15593,0.9264
15594,0.6185
15595,0.0448
15596,0.6185
15597,0.6185
15598,0.2195
15599,0.1765
15600,0.4872
15601,0.608
15602,0.0113
15603,0.0113
15604,0.3905
15605,0.2665
15606,0.0113
15607,0.2195
15608,0.0113
15609,0.0113
15610,0.6185
15611,0.0113
15612,0.1765
15613,0.2665
15614,0.0448
15615,0.1765
15616,0.0113
15617,0.9264
15618,0.2665
15619,0.0113
15620,0.0448
15621,0.0113
15622,0.0113
15623,0.0113
15624,0.0113
15625,0.8293
15626,0.0113
15627,0.2665
15628,0.0113
15629,0.1766
15630,0.0636
15631,0.1765
15632,0.0113
15633,0.0113
15634,0.1765
15635,0.1887
15636,0.0637
15637,0.2665
15638,0.0113
15639,0.1765
15640,0.608
15641,0.6185
15642,0.1887
15643,0.0113
15644,0.1765
15645,0.0113
15646,0.1765
15647,0.0113
15648,0.0637
15649,0.1765
15650,0.0113
15651,0.0113
15652,0.0113
15653,0.608
15654,0.1765
15655,0.6185
15656,0.2665
15657,0.608
15658,0.0636
15659,0.0113
15660,0.0113
15661,0.1765
15662,0.0113
15663,0.0113
15664,0.0636
15665,0.2665
15666,0.0113
15667,0.0113
15668,0.0113
15669,0.1765
15670,0.5982
15671,0.0637
15672,0.0113
15673,0.0636
15674,0.4872
15675,0.4872
15676,0.0113
15677,0.608
15678,0.0448
15679,0.0113
15680,0.1765
15681,0.0113
15682,0.0113
15683,0.0636
15684,0.0113
15685,0.0448
15686,0.6185
15687,0.0113
15688,0.4872
15689,0.1765
15690,0.4872
15691,0.0113
15692,0.2665
15693,0.1766
15694,0.0113
15695,0.0113
15696,0.0113
15697,0.0113
15698,0.1765
15699,0.0113
15700,0.0113
15701,0.2665
15702,0.0113
15703,0.1765
15704,0.0113
15705,0.9264
15706,0.0448
15707,0.0448
15708,0.8293
15709,0.0113
15710,0.8293
15711,0.5982
15712,0.0113
15713,0.0113
15714,0.0113
15715,0.6185
15716,0.0448
15717,0.0113
15718,0.0448
15719,0.9928
15720,0.608
15721,0.1765
15722,0.0113
15723,0.0113
15724,0.1765
15725,0.0636
15726,0.0113
15727,0.0113
15728,0.0113
15729,0.8293
15730,0.0448
15731,0.0113
15732,0.9264
15733,0.2195
15734,0.0113
15735,0.4872
15736,0.0113
15737,0.4872
15738,0.0113
15739,0.0113
15740,0.0113
15741,0.0637
15742,0.8293
15743,0.4872
15744,0.0113
15745,0.0113
15746,0.1766
15747,0.4872
15748,0.608
15749,0.0113
15750,0.0448
15751,0.0113
15752,0.2665
15753,0.0113
15754,0.0113
15755,0.2665
15756,0.0113
15757,0.0113
15758,0.1765
15759,0.0448
15760,0.0113
15761,0.1765
15762,0.4872
15763,0.9077
15764,0.0113
15765,0.0113
15766,0.0113
15767,0.0113
15768,0.0113
15769,0.0113
15770,0.2665
15771,0.1765
15772,0.0113
15773,0.0113
15774,0.0448
15775,0.0636
15776,0.1765
15777,0.9264
15778,0.9264
15779,0.2195
15780,0.608
15781,0.0113
15782,0.0637
15783,0.0448
15784,0.0448
15785,0.0113
15786,0.0113
15787,0.0113
15788,0.6185
15789,0.608
15790,0.0448
15791,0.0113
15792,0.8293
15793,0.0113
15794,0.0113
15795,0.2195
15796,0.0113
15797,0.2665
15798,0.9264
15799,0.0113
15800,0.2195
15801,0.608
15802,0.5982
15803,0.2195
15804,0.0636
15805,0.0448
15806,0.0636
15807,0.6185
15808,0.0636
15809,0.0113
15810,0.9264
15811,0.6185
15812,0.0113
15813,0.0113
15814,0.0113
15815,0.0113
15816,0.0448
15817,0.0113
15818,0.0448
15819,0.0113
15820,0.0637
15821,0.8293
15822,0.0448
15823,0.1887
15824,0.0113
15825,0.0113
15826,0.0113
15827,0.1765
15828,0.0113
15829,0.1765
15830,0.8293
15831,0.0636
15832,0.0113
15833,0.8293
15834,0.0636
15835,0.0113
15836,0.0113
15837,0.6185
15838,0.0113
15839,0.0113
15840,0.0113
15841,0.0113
15842,0.0636
15843,0.0637
15844,0.0448
15845,0.8293
15846,0.3905
15847,0.0113
15848,0.0448
15849,0.0448
15850,0.0113
15851,0.0113
15852,0.0113
15853,0.0113
15854,0.0113
15855,0.1765
15856,0.0448
15857,0.1766
15858,0.0636
15859,0.1766
15860,0.0113
15861,0.1765
15862,0.0636
15863,0.0113
15864,0.9928
15865,0.2665
15866,0.0448
15867,0.1765
15868,0.0113
15869,0.0113
15870,0.0113
15871,0.0113
15872,0.1765
15873,0.2195
15874,0.0113
15875,0.0637
15876,0.0113
15877,0.0113
15878,0.1765
15879,0.608
15880,0.0113
15881,0.0448
15882,0.2195
15883,0.0448
15884,0.0636
15885,0.0113
15886,0.608
15887,0.0113
15888,0.1765
15889,0.0637
15890,0.0113
15891,0.9264
15892,0.0113
15893,0.1765
15894,0.0113
15895,0.0113
15896,0.1765
15897,0.6185
15898,0.0113
15899,0.0113
15900,0.608
15901,0.608
15902,0.0113
15903,0.6185
15904,0.0113
15905,0.0636
15906,0.0637
15907,0.1765
15908,0.1766
15909,0.1765
15910,0.0113
15911,0.5982
15912,0.0113
15913,0.0113
15914,0.2665
15915,0.0448
15916,0.0113
15917,0.0113
15918,0.0113
15919,0.1765
15920,0.1887
15921,0.2665
15922,0.0113
15923,0.0113
15924,0.4872
15925,0.0113
15926,0.0637
15927,0.9264
15928,0.0636
15929,0.6185
15930,0.8293
15931,0.4872
15932,0.0637
15933,0.6185
15934,0.0113
15935,0.0113
15936,0.0113
15937,0.0113
15938,0.2665
15939,0.0113
15940,0.1765
15941,0.1765
15942,0.0113
15943,0.1766
15944,0.0113
15945,0.0113
15946,0.0448
15947,0.0113
15948,0.9264
15949,0.9264
15950,0.0113
15951,0.0113
15952,0.9264
15953,0.2665
15954,0.0636
15955,0.0448
15956,0.0636
15957,0.0637
15958,0.5982
15959,0.1765
15960,0.0113
15961,0.8293
15962,0.0113
15963,0.0113
15964,0.1765
15965,0.2665
15966,0.9264
15967,0.0636
15968,0.2665
15969,0.0113
15970,0.0637
15971,0.0448
15972,0.9928
15973,0.0113
15974,0.0448
15975,0.1766
15976,0.0113
15977,0.0113
15978,0.2665
15979,0.0113
15980,0.0113
15981,0.0113
15982,0.0113
15983,0.0113
15984,0.0113
15985,0.1765
15986,0.2665
15987,0.0113
15988,0.0113
15989,0.0448
15990,0.6185
15991,0.0113
15992,0.9264
15993,0.1766
15994,0.0113
15995,0.0113
15996,0.8293
15997,0.1765
15998,0.0636
15999,0.0113
16000,0.4872
16001,0.0113
16002,0.0113
16003,0.0113
16004,0.0636
16005,0.2195
16006,0.0113
16007,0.2195
16008,0.0113
16009,0.608
16010,0.0113
16011,0.8293
16012,0.0113
16013,0.0113
16014,0.0113
16015,0.2665
16016,0.4872
16017,0.1765
16018,0.0637
16019,0.1765
16020,0.0113
16021,0.0113
16022,0.0113
16023,0.0448
16024,0.0637
16025,0.0636
16026,0.9264
16027,0.0113
16028,0.0448
16029,0.0113
16030,0.0637
16031,0.0637
16032,0.608
16033,0.1765
16034,0.4872
16035,0.0637
16036,0.1765
16037,0.1765
16038,0.1765
16039,0.0448
16040,0.1765
16041,0.9928
16042,0.0636
16043,0.0113
16044,0.0113
16045,0.9264
16046,0.3905
16047,0.1766
16048,0.0448
16049,0.0113
16050,0.0113
16051,0.0113
16052,0.0113
16053,0.0113
16054,0.608
16055,0.1765
16056,0.2665
16057,0.6185
16058,0.8293
16059,0.1765
16060,0.2665
16061,0.0113
16062,0.0113
16063,0.0113
16064,0.0113
16065,0.0113
16066,0.0113
16067,0.0113
16068,0.2665
16069,0.0113
16070,0.6185
16071,0.0113
16072,0.0113
16073,0.608
16074,0.0113
16075,0.6185
16076,0.4872
16077,0.6185
16078,0.6185
16079,0.6185
16080,0.0636
16081,0.0113
16082,0.2665
16083,0.0113
16084,0.0113
16085,0.0113
16086,0.9264
16087,0.0113
16088,0.0113
16089,0.0113
16090,0.9264
16091,0.2195
16092,0.0448
16093,0.2665
16094,0.608
16095,0.6185
16096,0.0113
16097,0.2195
16098,0.2665
16099,0.3905
16100,0.0113
16101,0.0448
16102,0.0448
16103,0.0113
16104,0.0113
16105,0.8293
16106,0.1766
16107,0.0448
16108,0.9264
16109,0.3905
16110,0.0113
16111,0.2195
16112,0.1766
16113,0.2665
16114,0.0636
16115,0.9928
16116,0.0113
16117,0.0113
16118,0.0113
16119,0.5982
16120,0.0113
16121,0.0113
16122,0.0448
16123,0.0113
16124,0.0448
16125,0.0113
16126,0.2195
16127,0.0113
16128,0.0637
16129,0.0448
16130,0.8293
16131,0.0448
16132,0.2665
16133,0.9928
16134,0.1765
16135,0.0113
16136,0.0113
16137,0.0448
16138,0.0113
16139,0.0113
16140,0.0113
16141,0.2665
16142,0.0113
16143,0.0113
16144,0.0113
16145,0.0637
16146,0.1765
16147,0.2665
16148,0.5982
16149,0.8293
16150,0.1765
16151,0.0448
16152,0.1766
16153,0.9264
16154,0.0113
16155,0.1766
16156,0.0113
16157,0.1765
16158,0.1766
16159,0.4872
16160,0.3905
16161,0.1765
16162,0.0113
16163,0.0113
16164,0.6185
16165,0.0113
16166,0.0113
16167,0.2195
16168,0.0113
16169,0.0637
16170,0.0113
16171,0.2665
16172,0.1766
16173,0.608
16174,0.0637
16175,0.0113
16176,0.0113
16177,0.6185
16178,0.0113
16179,0.1766
16180,0.0113
16181,0.0113
16182,0.4872
16183,0.0113
16184,0.0636
16185,0.0448
16186,0.8293
16187,0.0448
16188,0.0113
16189,0.0448
16190,0.0113
16191,0.9264
16192,0.9264
16193,0.3905
16194,0.9928
16195,0.2665
16196,0.1765
16197,0.0448
16198,0.0448
16199,0.0113
16200,0.0113
16201,0.2665
16202,0.1765
16203,0.3905
16204,0.0637
16205,0.8293
16206,0.0113
16207,0.0448
16208,0.1765
16209,0.0636
16210,0.1765
16211,0.5982
16212,0.0636
16213,0.0637
16214,0.1765
16215,0.0113
16216,0.1765
16217,0.3905
16218,0.0637
16219,0.0113
16220,0.0636
16221,0.1765
16222,0.1887
16223,0.9264
16224,0.0113
16225,0.1765
16226,0.0448
16227,0.0113
16228,0.0448
16229,0.0636
16230,0.0113
16231,0.4872
16232,0.1766
16233,0.6185
16234,0.9264
16235,0.0113
16236,0.0636
16237,0.1766
16238,0.2195
16239,0.0448
16240,0.1765
16241,0.0448
16242,0.0113
16243,0.1766
16244,0.1765
16245,0.2665
16246,0.0636
16247,0.0113
16248,0.9264
16249,0.2665
16250,0.6185
16251,0.8293
16252,0.0113
16253,0.0113
16254,0.0113
16255,0.0637
16256,0.0448
16257,0.0113
16258,0.0113
16259,0.4872
16260,0.0113
16261,0.1765
16262,0.0448
16263,0.2195
16264,0.0113
16265,0.0113
16266,0.6185
16267,0.0113
16268,0.0448
16269,0.0113
16270,0.1765
16271,0.0113
16272,0.1765
16273,0.0448
16274,0.1765
16275,0.0113
16276,0.1765
16277,0.9264
16278,0.0113
16279,0.1765
16280,0.0113
16281,0.608
16282,0.0113
16283,0.0113
16284,0.1887
16285,0.0636
16286,0.0113
16287,0.0113
16288,0.2665
16289,0.0448
16290,0.0113
16291,0.0113
16292,0.6185
16293,0.6185
16294,0.0637
16295,0.1765
16296,0.0113
16297,0.9264
16298,0.0113
16299,0.9264
16300,0.1766
16301,0.4872
16302,0.8293
16303,0.0113
16304,0.0113
16305,0.1765
16306,0.0113
16307,0.9264
16308,0.0113
16309,0.9928
16310,0.1765
16311,0.0448
16312,0.6185
16313,0.9928
16314,0.0113
16315,0.4872
16316,0.8293
16317,0.0113
16318,0.0113
16319,0.608
16320,0.2665
16321,0.0113
16322,0.0637
16323,0.0113
16324,0.0113
16325,0.1766
16326,0.0448
16327,0.0113
16328,0.5982
16329,0.1765
16330,0.0637
16331,0.0113
16332,0.0448
16333,0.0113
16334,0.0113
16335,0.0637
16336,0.1765
16337,0.0113
16338,0.0448
16339,0.0113
16340,0.0113
16341,0.6185
16342,0.0113
16343,0.1765
16344,0.0448
16345,0.0113
16346,0.9928
16347,0.0113
16348,0.0113
16349,0.2665
16350,0.0448
16351,0.0113
16352,0.0113
16353,0.0113
16354,0.1765
16355,0.4872
16356,0.9928
16357,0.9264
16358,0.0113
16359,0.2195
16360,0.0113
16361,0.6185
16362,0.1765
16363,0.0113
16364,0.0113
16365,0.1765
16366,0.4872
16367,0.0448
16368,0.8293
16369,0.1766
16370,0.8293
16371,0.0448
16372,0.0113
16373,0.1765
16374,0.0448
16375,0.0113
16376,0.2665
16377,0.3905
16378,0.0113
16379,0.3905
16380,0.608
16381,0.2665
16382,0.0636
16383,0.0113
16384,0.0448
16385,0.1766
16386,0.5982
16387,0.0113
16388,0.0113
16389,0.9264
16390,0.2665
16391,0.1765
16392,0.0113
16393,0.0113
16394,0.0113
16395,0.0113
16396,0.1765
16397,0.0637
16398,0.6185
16399,0.0113
16400,0.1765
16401,0.0113
16402,0.9264
16403,0.0113
16404,0.0113
16405,0.0113
16406,0.3905
16407,0.8293
16408,0.8293
16409,0.1887
16410,0.1765
16411,0.0113
16412,0.9264
16413,0.9264
16414,0.0637
16415,0.0113
16416,0.0113
16417,0.0637
16418,0.0113
16419,0.0113
16420,0.2665
16421,0.0448
16422,0.0113
16423,0.6185
16424,0.0113
16425,0.0113
16426,0.0113
16427,0.0113
16428,0.0113
16429,0.9264
16430,0.0113
16431,0.0448
16432,0.1765
16433,0.1765
16434,0.608
16435,0.0113
16436,0.0113
16437,0.0113
16438,0.0448
16439,0.0448
16440,0.0113
16441,0.0113
16442,0.0448
16443,0.0113
16444,0.1766
16445,0.0448
16446,0.0636
16447,0.0637
16448,0.0448
16449,0.0113
16450,0.0113
16451,0.0448
16452,0.8293
16453,0.0637
16454,0.1766
16455,0.0448
16456,0.0113
16457,0.6185
16458,0.0113
16459,0.0113
16460,0.0113
16461,0.0113
16462,0.0113
16463,0.608
16464,0.0113
16465,0.0113
16466,0.2665
16467,0.0113
16468,0.6185
16469,0.0113
16470,0.0113
16471,0.5982
16472,0.0448
16473,0.0113
16474,0.0113
16475,0.8293
16476,0.9264
16477,0.0113
16478,0.0113
16479,0.0113
16480,0.0113
16481,0.0448
16482,0.0113
16483,0.8293
16484,0.1765
16485,0.0113
16486,0.0113
16487,0.0113
16488,0.0113
16489,0.9264
16490,0.0637
16491,0.0113
16492,0.3905
16493,0.0637
16494,0.2195
16495,0.0113
16496,0.0113
16497,0.1765
16498,0.2195
16499,0.0448
16500,0.0448
16501,0.0113
16502,0.2665
16503,0.0113
16504,0.0636
16505,0.0113
16506,0.1766
16507,0.0448
16508,0.0637
16509,0.0636
16510,0.9077
16511,0.1765
16512,0.0113
16513,0.0113
16514,0.1765
16515,0.0448
16516,0.0113
16517,0.1765
16518,0.0637
16519,0.0113
16520,0.0636
16521,0.0113
16522,0.0113
16523,0.608
16524,0.0637
16525,0.1766
16526,0.0448
16527,0.0113
16528,0.9264
16529,0.0636
16530,0.0113
16531,0.0113
16532,0.608
16533,0.0113
16534,0.0448
16535,0.0113
16536,0.0113
16537,0.0113
16538,0.0636
16539,0.2665
16540,0.1765
16541,0.0113
16542,0.0113
16543,0.1766
16544,0.3905
16545,0.4872
16546,0.0113
16547,0.2665
16548,0.6185
16549,0.0113
16550,0.1765
16551,0.0113
16552,0.0113
16553,0.0113
16554,0.0448
16555,0.0637
16556,0.1766
16557,0.8293
16558,0.0113
16559,0.0448
16560,0.1766
16561,0.0448
16562,0.0113
16563,0.0113
16564,0.2665
16565,0.9264
16566,0.3905
16567,0.4872
16568,0.8293
16569,0.0113
16570,0.0448
16571,0.2195
16572,0.0113
16573,0.0113
16574,0.608
16575,0.0113
16576,0.0636
16577,0.0448
16578,0.0113
16579,0.0448
16580,0.0113
16581,0.0636
16582,0.1765
16583,0.0113
16584,0.0113
16585,0.0113
16586,0.8293
16587,0.1765
16588,0.9264
16589,0.0113
16590,0.8293
16591,0.0113
16592,0.9264
16593,0.1765
16594,0.6185
16595,0.0113
16596,0.0113
16597,0.608
16598,0.5982
16599,0.0448
16600,0.608
16601,0.0113
16602,0.2665
16603,0.0113
16604,0.0636
16605,0.0113
16606,0.0448
16607,0.0448
16608,0.9264
16609,0.608
16610,0.1765
16611,0.0113
16612,0.0113
16613,0.0113
16614,0.4872
16615,0.0113
16616,0.1765
16617,0.0448
16618,0.0113
16619,0.0448
16620,0.0113
16621,0.9264
16622,0.6185
16623,0.0636
16624,0.6185
16625,0.0113
16626,0.0113
16627,0.0637
16628,0.0113
16629,0.0448
16630,0.0636
16631,0.6185
16632,0.0636
16633,0.2665
16634,0.0113
16635,0.8293
16636,0.0113
16637,0.0113
16638,0.1887
16639,0.0113
16640,0.2195
16641,0.0113
16642,0.0113
16643,0.0113
16644,0.0113
16645,0.0636
16646,0.0113
16647,0.0637
16648,0.0448
16649,0.2195
16650,0.0113
16651,0.0113
16652,0.0448
16653,0.0113
16654,0.0113
16655,0.0113
16656,0.6185
16657,0.2665
16658,0.0113
16659,0.0113
16660,0.8293
16661,0.0448
16662,0.0448
16663,0.0113
16664,0.0113
16665,0.0637
16666,0.0113
16667,0.0636
16668,0.1766
16669,0.0113
16670,0.0113
16671,0.0113
16672,0.2195
16673,0.6185
16674,0.0113
16675,0.2195
16676,0.0113
16677,0.0113
16678,0.0113
16679,0.0113
16680,0.0113
16681,0.0113
16682,0.1765
16683,0.0637
16684,0.0113
16685,0.0637
16686,0.608
16687,0.0113
16688,0.6185
16689,0.2665
16690,0.9928
16691,0.2665
16692,0.0113
16693,0.2665
16694,0.0113
16695,0.0113
16696,0.0113
16697,0.0113
16698,0.0113
16699,0.0113
16700,0.0637
16701,0.8293
16702,0.0113
16703,0.0113
16704,0.0113
16705,0.1765
16706,0.0113
16707,0.608
16708,0.0113
16709,0.0113
16710,0.1887
16711,0.608
16712,0.0113
16713,0.6185
16714,0.0636
16715,0.6185
16716,0.1766
16717,0.1766
16718,0.608
16719,0.9264
16720,0.0113
16721,0.1766
16722,0.1765
16723,0.0113
16724,0.0636
16725,0.0113
16726,0.0113
16727,0.9928
16728,0.3905
16729,0.0636
16730,0.0113
16731,0.0113
16732,0.6185
16733,0.0113
16734,0.0448
16735,0.0636
16736,0.1766
16737,0.0636
16738,0.0113
16739,0.9077
16740,0.0113
16741,0.0113
16742,0.6185
16743,0.0113
16744,0.1765
16745,0.0113
16746,0.0113
16747,0.0113
16748,0.1766
16749,0.0113
16750,0.0113
16751,0.0636
16752,0.1766
16753,0.0113
16754,0.0636
16755,0.0113
16756,0.0448
16757,0.0113
16758,0.0113
16759,0.0637
16760,0.0113
16761,0.0113
16762,0.0636
16763,0.1766
16764,0.6185
16765,0.0113
16766,0.0113
16767,0.0113
16768,0.0448
16769,0.0113
16770,0.6185
16771,0.0113
16772,0.1765
16773,0.0113
16774,0.0113
16775,0.0113
16776,0.0448
16777,0.1887
16778,0.1766
16779,0.0113
16780,0.1765
16781,0.2665
16782,0.6185
16783,0.0113
16784,0.0637
16785,0.0113
16786,0.0448
16787,0.0113
16788,0.0113
16789,0.8293
16790,0.1765
16791,0.0113
16792,0.1766
16793,0.0113
16794,0.1766
16795,0.608
16796,0.0636
16797,0.0113
16798,0.2665
16799,0.0113
16800,0.0448
16801,0.0448
16802,0.0448
16803,0.0113
16804,0.0637
16805,0.0113
16806,0.0113
16807,0.1766
16808,0.0113
16809,0.0113
16810,0.0113
16811,0.0113
16812,0.1765
16813,0.0448
16814,0.0113
16815,0.2665
16816,0.0448
16817,0.0448
16818,0.8293
16819,0.9928
16820,0.0448
16821,0.9264
16822,0.0113
16823,0.0113
16824,0.8293
16825,0.0636
16826,0.0113
16827,0.0113
16828,0.0113
16829,0.9264
16830,0.6185
16831,0.9264
16832,0.6185
16833,0.608
16834,0.0113
16835,0.0113
16836,0.0637
16837,0.1765
16838,0.2665
16839,0.6185
16840,0.9264
16841,0.0113
16842,0.3905
16843,0.1765
16844,0.9264
16845,0.0637
16846,0.9264
16847,0.6185
16848,0.6185
16849,0.1766
16850,0.9264
16851,0.0113
16852,0.0113
16853,0.1765
16854,0.2195
16855,0.0113
16856,0.1766
16857,0.608
16858,0.8293
16859,0.0113
16860,0.1765
16861,0.0113
16862,0.0113
16863,0.0113
16864,0.1765
16865,0.0448
16866,0.0113
16867,0.0113
16868,0.2195
16869,0.0113
16870,0.2195
16871,0.4872
16872,0.0113
16873,0.0113
16874,0.0113
16875,0.9264
16876,0.0113
16877,0.0113
16878,0.0113
16879,0.0113
16880,0.1765
16881,0.0113
16882,0.0113
16883,0.1765
16884,0.1766
16885,0.0113
16886,0.0636
16887,0.2195
16888,0.0113
16889,0.0636
16890,0.3905
16891,0.0113
16892,0.0113
16893,0.1766
16894,0.0636
16895,0.1765
16896,0.2195
16897,0.0636
16898,0.1765
16899,0.0448
16900,0.0113
16901,0.0113
16902,0.9264
16903,0.0113
16904,0.3905
16905,0.0113
16906,0.2195
16907,0.0113
16908,0.0113
16909,0.0113
16910,0.0113
16911,0.0113
16912,0.0113
16913,0.0113
16914,0.0113
16915,0.1765
16916,0.0113
16917,0.1765
16918,0.608
16919,0.0113
16920,0.0113
16921,0.0113
16922,0.0113
16923,0.1765
16924,0.0113
16925,0.1765
16926,0.1765
16927,0.0113
16928,0.6185
16929,0.8293
16930,0.0113
16931,0.6185
16932,0.1765
16933,0.0113
16934,0.0113
16935,0.0113
16936,0.9264
16937,0.0113
16938,0.0113
16939,0.0113
16940,0.2665
16941,0.0113
16942,0.1765
16943,0.9264
16944,0.0113
16945,0.0113
16946,0.0636
16947,0.1765
16948,0.1765
16949,0.9928
16950,0.0448
16951,0.9264
16952,0.0448
16953,0.0113
16954,0.0637
16955,0.0113
16956,0.1765
16957,0.1766
16958,0.0113
16959,0.0113
16960,0.0637
16961,0.0113
16962,0.0113
16963,0.0113
16964,0.0113
16965,0.0113
16966,0.9264
16967,0.0637
16968,0.8293
16969,0.0113
16970,0.0113
16971,0.6185
16972,0.9264
16973,0.6185
16974,0.0113
16975,0.0113
16976,0.0636
16977,0.0636
16978,0.1765
16979,0.0113
16980,0.9264
16981,0.9264
16982,0.9264
16983,0.9264
16984,0.0113
16985,0.0113
16986,0.0113
16987,0.0113
16988,0.0113
16989,0.8293
16990,0.0113
16991,0.0636
16992,0.3905
16993,0.0113
16994,0.1766
16995,0.0113
16996,0.0113
16997,0.0636
16998,0.6185
16999,0.0113
17000,0.0113
17001,0.0113
17002,0.0637
17003,0.6185
17004,0.1765
17005,0.0448
17006,0.1765
17007,0.1765
17008,0.0113
17009,0.608
17010,0.0636
17011,0.0113
17012,0.0113
17013,0.0113
17014,0.608
17015,0.4872
17016,0.0113
17017,0.0448
17018,0.0113
17019,0.0113
17020,0.0448
17021,0.0448
17022,0.0636
17023,0.9264
17024,0.0113
17025,0.0113
17026,0.0113
17027,0.0637
17028,0.6185
17029,0.0113
17030,0.0113
17031,0.0113
17032,0.6185
17033,0.0637
17034,0.0637
17035,0.0113
17036,0.0113
17037,0.0113
17038,0.0448
17039,0.0113
17040,0.0113
17041,0.0113
17042,0.9264
17043,0.1765
17044,0.0113
17045,0.1765
17046,0.6185
17047,0.0113
17048,0.1765
17049,0.0113
17050,0.0636
17051,0.9264
17052,0.0448
17053,0.9264
17054,0.0113
17055,0.0113
17056,0.0448
17057,0.0113
17058,0.0113
17059,0.0113
17060,0.1766
17061,0.9264
17062,0.0113
17063,0.0636
17064,0.3905
17065,0.0113
17066,0.6185
17067,0.4872
17068,0.6185
17069,0.0636
17070,0.2665
17071,0.9264
17072,0.0113
17073,0.0113
17074,0.2665
17075,0.0448
17076,0.0113
17077,0.2195
17078,0.2665
17079,0.1765
17080,0.2665
17081,0.0113
17082,0.0113
17083,0.1765
17084,0.2195
17085,0.9264
17086,0.0637
17087,0.1765
17088,0.0113
17089,0.0113
17090,0.0113
17091,0.0113
17092,0.3905
17093,0.0448
17094,0.0448
17095,0.8293
17096,0.2195
17097,0.1887
17098,0.0113
17099,0.0113
17100,0.3905
17101,0.0636
17102,0.608
17103,0.0113
17104,0.0113
17105,0.1765
17106,0.0113
17107,0.3905
17108,0.0636
17109,0.0113
17110,0.0113
17111,0.0113
17112,0.1765
17113,0.0448
17114,0.0113
17115,0.6185
17116,0.1765
17117,0.0113
17118,0.2665
17119,0.0637
17120,0.1765
17121,0.0636
17122,0.608
17123,0.0448
17124,0.9264
17125,0.0113
17126,0.1765
17127,0.0448
17128,0.9264
17129,0.0113
17130,0.2665
17131,0.0448
17132,0.1766
17133,0.0448
17134,0.1765
17135,0.0448
17136,0.0113
17137,0.0448
17138,0.9264
17139,0.2195
17140,0.0113
17141,0.2665
17142,0.1766
17143,0.2195
17144,0.0113
17145,0.0113
17146,0.3905
17147,0.0637
17148,0.0448
17149,0.0448
17150,0.0113
17151,0.2195
17152,0.0637
17153,0.0113
17154,0.0113
17155,0.0113
17156,0.2665
17157,0.0636
17158,0.1765
17159,0.2665
17160,0.0113
17161,0.4872
17162,0.0113
17163,0.8293
17164,0.0113
17165,0.0113
17166,0.2665
17167,0.0113
17168,0.0636
17169,0.8293
17170,0.0113
17171,0.0113
17172,0.1765
17173,0.0636
17174,0.0636
17175,0.3905
17176,0.0448
17177,0.4872
17178,0.0637
17179,0.608
17180,0.0448
17181,0.1766
17182,0.0448
17183,0.0636
17184,0.2665
17185,0.0113
17186,0.0113
17187,0.0636
17188,0.6185
17189,0.0113
17190,0.6185
17191,0.0448
17192,0.0113
17193,0.0113
17194,0.0113
17195,0.0637
17196,0.0113
17197,0.0113
17198,0.1765
17199,0.9264
17200,0.1765
17201,0.2195
17202,0.1765
17203,0.0113
17204,0.9928
17205,0.0113
17206,0.0113
17207,0.2665
17208,0.0636
17209,0.0113
17210,0.0113
17211,0.0113
17212,0.1887
17213,0.1765
17214,0.1766
17215,0.9264
17216,0.0113
17217,0.2195
17218,0.1765
17219,0.0636
17220,0.0113
17221,0.0113
17222,0.0637
17223,0.0113
17224,0.1765
17225,0.9077
17226,0.0113
17227,0.0113
17228,0.0113
17229,0.4872
17230,0.0448
17231,0.0636
17232,0.0113
17233,0.0448
17234,0.0113
17235,0.0448
17236,0.0113
17237,0.0113
17238,0.6185
17239,0.0113
17240,0.0113
17241,0.0113
17242,0.0113
17243,0.0448
17244,0.608
17245,0.0636
17246,0.0113
17247,0.0113
17248,0.0113
17249,0.0113
17250,0.608
17251,0.6185
17252,0.0448
17253,0.0448
17254,0.2665
17255,0.0113
17256,0.0113
17257,0.9264
17258,0.1766
17259,0.8293
17260,0.0636
17261,0.0448
17262,0.0448
17263,0.0113
17264,0.4872
17265,0.0113
17266,0.0113
17267,0.0448
17268,0.0637
17269,0.1765
17270,0.0113
17271,0.1765
17272,0.3905
17273,0.9264
17274,0.0113
17275,0.1766
17276,0.2665
17277,0.0113
17278,0.0636
17279,0.9264
17280,0.0113
17281,0.0113
17282,0.0448
17283,0.8293
17284,0.0637
17285,0.0448
17286,0.0448
17287,0.6185
17288,0.0113
17289,0.1765
17290,0.0113
17291,0.0113
17292,0.1765
17293,0.3905
17294,0.4872
17295,0.0448
17296,0.0113
17297,0.0113
17298,0.0636
17299,0.2665
17300,0.0637
17301,0.6185
17302,0.0113
17303,0.2195
17304,0.1765
17305,0.0113
17306,0.2665
17307,0.0448
17308,0.0113
17309,0.9264
17310,0.2195
17311,0.1765
17312,0.9264
17313,0.5982
17314,0.0113
17315,0.5982
17316,0.1765
17317,0.0113
17318,0.0636
17319,0.0113
17320,0.9928
17321,0.1765
17322,0.0448
17323,0.9264
17324,0.0113
17325,0.0113
17326,0.0448
17327,0.0113
17328,0.2195
17329,0.0113
17330,0.0113
17331,0.0637
17332,0.1765
17333,0.1887
17334,0.4872
17335,0.2665
17336,0.0113
17337,0.2195
17338,0.0113
17339,0.0113
17340,0.0637
17341,0.1765
17342,0.6185
17343,0.0113
17344,0.9264
17345,0.1765
17346,0.1765
17347,0.9264
17348,0.608
17349,0.0113
17350,0.0113
17351,0.0448
17352,0.0448
17353,0.0636
17354,0.0637
17355,0.1765
17356,0.9264
17357,0.0113
17358,0.0113
17359,0.2195
17360,0.0637
17361,0.0113
17362,0.4872
17363,0.9928
17364,0.0113
17365,0.0113
17366,0.0113
17367,0.0113
17368,0.0113
17369,0.0113
17370,0.0113
17371,0.9264
17372,0.1766
17373,0.0113
17374,0.0113
17375,0.0448
17376,0.6185
17377,0.4872
17378,0.0113
17379,0.9264
17380,0.0113
17381,0.0113
17382,0.0113
17383,0.0448
17384,0.0113
17385,0.5982
17386,0.0113
17387,0.1765
17388,0.2665
17389,0.0113
17390,0.9928
17391,0.608
17392,0.1765
17393,0.1765
17394,0.608
17395,0.1765
17396,0.0637
17397,0.0637
17398,0.9264
17399,0.0637
17400,0.0448
17401,0.0113
17402,0.0113
17403,0.3905
17404,0.0113
17405,0.3905
17406,0.0113
17407,0.0113
17408,0.1765
17409,0.0636
17410,0.0448
17411,0.0113
17412,0.0448
17413,0.0637
17414,0.1765
17415,0.0448
17416,0.0113
17417,0.0448
17418,0.6185
17419,0.2665
17420,0.0113
17421,0.9264
17422,0.0448
17423,0.0113
17424,0.4872
17425,0.0113
17426,0.1765
17427,0.0113
17428,0.0636
17429,0.0448
17430,0.0113
17431,0.0448
17432,0.1765
17433,0.9928
17434,0.0113
17435,0.0448
17436,0.8293
17437,0.8293
17438,0.0113
17439,0.0113
17440,0.0448
17441,0.0113
17442,0.0113
17443,0.0637
17444,0.0113
17445,0.0113
17446,0.9264
17447,0.0113
17448,0.0113
17449,0.9264
17450,0.0113
17451,0.0113
17452,0.0113
17453,0.0637
17454,0.6185
17455,0.0637
17456,0.0113
17457,0.0113
17458,0.0113
17459,0.0448
17460,0.0636
17461,0.1887
17462,0.6185
17463,0.0113
17464,0.9264
17465,0.0113
17466,0.0636
17467,0.0113
17468,0.0113
17469,0.0113
17470,0.1766
17471,0.3905
17472,0.0113
17473,0.0113
17474,0.0448
17475,0.4872
17476,0.0113
17477,0.0448
17478,0.0113
17479,0.3905
17480,0.0113
17481,0.0113
17482,0.0113
17483,0.1765
17484,0.0448
17485,0.0113
17486,0.2195
17487,0.0113
17488,0.0113
17489,0.9264
17490,0.6185
17491,0.0448
17492,0.0113
17493,0.0113
17494,0.0113
17495,0.0637
17496,0.0113
17497,0.2195
17498,0.0113
17499,0.4872
17500,0.0113
17501,0.0113
17502,0.608
17503,0.0113
17504,0.0113
17505,0.9928
17506,0.0113
17507,0.608
17508,0.6185
17509,0.0113
17510,0.3905
17511,0.1765
17512,0.3905
17513,0.0636
17514,0.608
17515,0.0113
17516,0.0637
17517,0.6185
17518,0.0113
17519,0.4872
17520,0.1766
17521,0.4872
17522,0.0113
17523,0.0448
17524,0.0113
17525,0.0636
17526,0.0113
17527,0.0113
17528,0.0113
17529,0.9264
17530,0.0637
17531,0.0113
17532,0.9264
17533,0.0636
17534,0.2195
17535,0.0113
17536,0.0113
17537,0.0113
17538,0.0113
17539,0.0636
17540,0.9264
17541,0.8293
17542,0.0113
17543,0.0113
17544,0.0113
17545,0.9264
17546,0.1887
17547,0.3905
17548,0.4872
17549,0.3905
17550,0.9928
17551,0.2665
17552,0.0113
17553,0.1765
17554,0.9264
17555,0.0636
17556,0.0113
17557,0.0637
17558,0.0448
17559,0.0636
17560,0.1766
17561,0.0113
17562,0.5982
17563,0.2195
17564,0.0113
17565,0.0113
17566,0.0113
17567,0.2665
17568,0.0113
17569,0.2195
17570,0.0113
17571,0.0113
17572,0.0113
17573,0.0636
17574,0.2665
17575,0.608
17576,0.0637
17577,0.2665
17578,0.6185
17579,0.0113
17580,0.8293
17581,0.1765
17582,0.0113
17583,0.0113
17584,0.0636
17585,0.0113
17586,0.0113
17587,0.0113
17588,0.0113
17589,0.0113
17590,0.1887
17591,0.6185
17592,0.0113
17593,0.6185
17594,0.0113
17595,0.2665
17596,0.0113
17597,0.0448
17598,0.1887
17599,0.4872
17600,0.0113
17601,0.6185
17602,0.3905
17603,0.1766
17604,0.0113
17605,0.0113
17606,0.0113
17607,0.0113
17608,0.1887
17609,0.9264
17610,0.0113
17611,0.1765
17612,0.0113
17613,0.608
17614,0.0113
17615,0.2665
17616,0.2665
17617,0.1765
17618,0.0113
17619,0.9264
17620,0.0113
17621,0.0113
17622,0.0113
17623,0.0113
17624,0.0636
17625,0.9264
17626,0.1765
17627,0.9264
17628,0.0113
17629,0.0637
17630,0.608
17631,0.0113
17632,0.9264
17633,0.0113
17634,0.9264
17635,0.0448
17636,0.0637
17637,0.9264
17638,0.6185
17639,0.0113
17640,0.2665
17641,0.0113
17642,0.0636
17643,0.0113
17644,0.0113
17645,0.0113
17646,0.2665
17647,0.2195
17648,0.6185
17649,0.0113
17650,0.0113
17651,0.2665
17652,0.9928
17653,0.0113
17654,0.2195
17655,0.1766
17656,0.0113
17657,0.0637
17658,0.0636
17659,0.8293
17660,0.0113
17661,0.2195
17662,0.0448
17663,0.3905
17664,0.1765
17665,0.0448
17666,0.0636
17667,0.1765
17668,0.0113
17669,0.0448
17670,0.0113
17671,0.0113
17672,0.0636
17673,0.0113
17674,0.0113
17675,0.1765
17676,0.5982
17677,0.0113
17678,0.0113
17679,0.0113
17680,0.0113
17681,0.6185
17682,0.8293
17683,0.0113
17684,0.9264
17685,0.0113
17686,0.0637
17687,0.0636
17688,0.0113
17689,0.0113
17690,0.0113
17691,0.0113
17692,0.0448
17693,0.1765
17694,0.0113
17695,0.8293
17696,0.0637
17697,0.0113
17698,0.2665
17699,0.0113
17700,0.0113
17701,0.0636
17702,0.0448
17703,0.6185
17704,0.0113
17705,0.0113
17706,0.9928
17707,0.0113
17708,0.0636
17709,0.0113
17710,0.0113
17711,0.0448
17712,0.1766
17713,0.0113
17714,0.0113
17715,0.0636
17716,0.0113
17717,0.1765
17718,0.1765
17719,0.1765
17720,0.4872
17721,0.2195
17722,0.0113
17723,0.0113
17724,0.1766
17725,0.9264
17726,0.608
17727,0.4872
17728,0.1765
17729,0.2195
17730,0.608
17731,0.5982
17732,0.0113
17733,0.0448
17734,0.3905
17735,0.4872
17736,0.0113
17737,0.0113
17738,0.5982
17739,0.0113
17740,0.1766
17741,0.0636
17742,0.1765
17743,0.0113
17744,0.0636
17745,0.0113
17746,0.2195
17747,0.0636
17748,0.0448
17749,0.0113
17750,0.0113
17751,0.0113
17752,0.0448
17753,0.3905
17754,0.2665
17755,0.0113
17756,0.1766
17757,0.3905
17758,0.0113
17759,0.0636
17760,0.4872
17761,0.0448
17762,0.0113
17763,0.0113
17764,0.0448
17765,0.9264
17766,0.1765
17767,0.9264
17768,0.6185
17769,0.9264
17770,0.0113
17771,0.1766
17772,0.0637
17773,0.0113
17774,0.2195
17775,0.608
17776,0.0636
17777,0.0113
17778,0.0113
17779,0.4872
17780,0.0113
17781,0.4872
17782,0.0113
17783,0.0113
17784,0.0448
17785,0.0113
17786,0.0448
17787,0.9264
17788,0.0637
17789,0.0636
17790,0.0637
17791,0.0113
17792,0.0637
17793,0.6185
17794,0.0113
17795,0.0113
17796,0.0448
17797,0.9264
17798,0.6185
17799,0.0113
17800,0.0636
17801,0.0448
17802,0.0636
17803,0.0113
17804,0.0113
17805,0.0636
17806,0.8293
17807,0.0113
17808,0.0113
17809,0.6185
17810,0.0113
17811,0.9928
17812,0.0113
17813,0.0113
17814,0.0113
17815,0.1887
17816,0.2665
17817,0.0113
17818,0.0113
17819,0.608
17820,0.0448
17821,0.6185
17822,0.0113
17823,0.5982
17824,0.0113
17825,0.0448
17826,0.0448
17827,0.0636
17828,0.0113
17829,0.0113
17830,0.1765
17831,0.1766
17832,0.0113
17833,0.6185
17834,0.0113
17835,0.608
17836,0.0637
17837,0.3905
17838,0.8293
17839,0.2665
17840,0.0113
17841,0.2665
17842,0.0636
17843,0.1887
17844,0.1765
17845,0.1765
17846,0.0113
17847,0.0636
17848,0.0113
17849,0.9264
17850,0.5982
17851,0.0448
17852,0.0113
17853,0.0636
17854,0.0448
17855,0.0448
17856,0.6185
17857,0.1765
17858,0.0113
17859,0.0113
17860,0.3905
17861,0.0637
17862,0.8293
17863,0.0448
17864,0.0113
17865,0.8293
17866,0.0448
17867,0.608
17868,0.0113
17869,0.0113
17870,0.0113
17871,0.0448
17872,0.0113
17873,0.0113
17874,0.4872
17875,0.0637
17876,0.0448
17877,0.4872
17878,0.0113
17879,0.0113
17880,0.0113
17881,0.0113
17882,0.0448
17883,0.1765
17884,0.0448
17885,0.4872
17886,0.0636
17887,0.0113
17888,0.6185
17889,0.9264
17890,0.0113
17891,0.0113
17892,0.2195
17893,0.9264
17894,0.5982
17895,0.1766
17896,0.2665
17897,0.0637
17898,0.608
17899,0.0113
17900,0.0113
17901,0.0113
17902,0.0448
17903,0.0113
17904,0.2665
17905,0.9264
17906,0.0113
17907,0.0113
17908,0.9264
17909,0.0448
17910,0.0448
17911,0.2665
17912,0.4872
17913,0.0113
17914,0.6185
17915,0.0113
17916,0.0113
17917,0.0636
17918,0.0113
17919,0.0113
17920,0.0113
17921,0.1766
17922,0.2665
17923,0.0113
17924,0.2665
17925,0.0637
17926,0.0113
17927,0.0113
17928,0.1766
17929,0.0448
17930,0.6185
17931,0.3905
17932,0.6185
17933,0.0113
17934,0.0113
17935,0.6185
17936,0.0113
17937,0.6185
17938,0.0448
17939,0.1765
17940,0.0636
17941,0.1765
17942,0.0113
17943,0.1765
17944,0.8293
17945,0.608
17946,0.0113
17947,0.0637
17948,0.3905
17949,0.0113
17950,0.0113
17951,0.1765
17952,0.0113
17953,0.608
17954,0.0448
17955,0.0113
17956,0.0113
17957,0.0637
17958,0.1765
17959,0.9928
17960,0.9928
17961,0.0113
17962,0.0113
17963,0.608
17964,0.0113
17965,0.0113
17966,0.1765
17967,0.0637
17968,0.0113
17969,0.0113
17970,0.1765
17971,0.0113
17972,0.1766
17973,0.0637
17974,0.0113
17975,0.0113
17976,0.0113
17977,0.0113
17978,0.0113
17979,0.0637
17980,0.0113
17981,0.6185
17982,0.0113
17983,0.0113
17984,0.0113
17985,0.2195
17986,0.0113
17987,0.0637
17988,0.0637
17989,0.0113
17990,0.0113
17991,0.0113
17992,0.0113
17993,0.0448
17994,0.0113
17995,0.0113
17996,0.2665
17997,0.2665
17998,0.0113
17999,0.8293
18000,0.0113
18001,0.6185
18002,0.4872
18003,0.0113
18004,0.0113
18005,0.4872
18006,0.2195
18007,0.0113
18008,0.2665
18009,0.0113
18010,0.1765
18011,0.0113
18012,0.0113
18013,0.2665
18014,0.0448
18015,0.0636
18016,0.0637
18017,0.0113
18018,0.0637
18019,0.1765
18020,0.0113
18021,0.6185
18022,0.2195
18023,0.1765
18024,0.9264
18025,0.0636
18026,0.4872
18027,0.0448
18028,0.0636
18029,0.5982
18030,0.0637
18031,0.0113
18032,0.0113
18033,0.3905
18034,0.0636
18035,0.1765
18036,0.0113
18037,0.0637
18038,0.0113
18039,0.1765
18040,0.1766
18041,0.0636
18042,0.9264
18043,0.0113
18044,0.0448
18045,0.0113
18046,0.0448
18047,0.0636
18048,0.0113
18049,0.0113
18050,0.2665
18051,0.0113
18052,0.0113
18053,0.9264
18054,0.0113
18055,0.3905
18056,0.0113
18057,0.0113
18058,0.0113
18059,0.1887
18060,0.2195
18061,0.0113
18062,0.0637
18063,0.0448
18064,0.0448
18065,0.6185
18066,0.0113
18067,0.2665
18068,0.0113
18069,0.0113
18070,0.1765
18071,0.0113
18072,0.8293
18073,0.9264
18074,0.0113
18075,0.0113
18076,0.0113
18077,0.0113
18078,0.0113
18079,0.0113
18080,0.0113
18081,0.1766
18082,0.0448
18083,0.0113
18084,0.6185
18085,0.0113
18086,0.9264
18087,0.4872
18088,0.9077
18089,0.0113
18090,0.0113
18091,0.9264
18092,0.2665
18093,0.0636
18094,0.6185
18095,0.0448
18096,0.0113
18097,0.0113
18098,0.0113
18099,0.0448
18100,0.2195
18101,0.9077
18102,0.0113
18103,0.2195
18104,0.0113
18105,0.0113
18106,0.6185
18107,0.0113
18108,0.0113
18109,0.1766
18110,0.0448
18111,0.2665
18112,0.0637
18113,0.0113
18114,0.0113
18115,0.0637
18116,0.0113
18117,0.0113
18118,0.0113
18119,0.0113
18120,0.0113
18121,0.0113
18122,0.0113
18123,0.0113
18124,0.0636
18125,0.0448
18126,0.2195
18127,0.2195
18128,0.0113
18129,0.0113
18130,0.1765
18131,0.0113
18132,0.0113
18133,0.0113
18134,0.0113
18135,0.0113
18136,0.9264
18137,0.8293
18138,0.1766
18139,0.0113
18140,0.0448
18141,0.0113
18142,0.0113
18143,0.9264
18144,0.0113
18145,0.0113
18146,0.1765
18147,0.0113
18148,0.4872
18149,0.0113
18150,0.0113
18151,0.0637
18152,0.0113
18153,0.0113
18154,0.0113
18155,0.4872
18156,0.0113
18157,0.1765
18158,0.9264
18159,0.0448
18160,0.3905
18161,0.0113
18162,0.0113
18163,0.0113
18164,0.6185
18165,0.0448
18166,0.0448
18167,0.6185
18168,0.1766
18169,0.0113
18170,0.8293
18171,0.9264
18172,0.1765
18173,0.0113
18174,0.0448
18175,0.0637
18176,0.9264
18177,0.6185
18178,0.0448
18179,0.1765
18180,0.9928
18181,0.2195
18182,0.0113
18183,0.0637
18184,0.0113
18185,0.2665
18186,0.0113
18187,0.0113
18188,0.9077
18189,0.1765
18190,0.9264
18191,0.0113
18192,0.6185
18193,0.0113
18194,0.0113
18195,0.9264
18196,0.0113
18197,0.0113
18198,0.608
18199,0.0113
18200,0.1765
18201,0.3905
18202,0.3905
18203,0.1765
18204,0.0448
18205,0.0636
18206,0.1765
18207,0.0636
18208,0.0637
18209,0.0113
18210,0.0113
18211,0.0637
18212,0.0113
18213,0.1766
18214,0.9928
18215,0.0113
18216,0.1765
18217,0.6185
18218,0.1765
18219,0.0113
18220,0.6185
18221,0.1765
18222,0.0113
18223,0.4872
18224,0.9264
18225,0.0636
18226,0.6185
18227,0.0113
18228,0.0113
18229,0.8293
18230,0.0113
18231,0.8293
18232,0.9264
18233,0.1765
18234,0.9264
18235,0.6185
18236,0.0113
18237,0.3905
18238,0.0113
18239,0.0448
18240,0.1765
18241,0.4872
18242,0.0113
18243,0.1765
18244,0.5982
18245,0.2195
18246,0.0637
18247,0.1765
18248,0.608
18249,0.0637
18250,0.0113
18251,0.0113
18252,0.0113
18253,0.8293
18254,0.2665
18255,0.8293
18256,0.0113
18257,0.0113
18258,0.2665
18259,0.0113
18260,0.0113
18261,0.0113
18262,0.0448
18263,0.1765
18264,0.0113
18265,0.608
18266,0.4872
18267,0.4872
18268,0.0113
18269,0.9928
18270,0.0448
18271,0.1766
18272,0.2665
18273,0.0113
18274,0.0113
18275,0.0113
18276,0.608
18277,0.0113
18278,0.0113
18279,0.0113
18280,0.1766
18281,0.0637
18282,0.0113
18283,0.1765
18284,0.0113
18285,0.0113
18286,0.1765
18287,0.0113
18288,0.0637
18289,0.1765
18290,0.0113
18291,0.0113
18292,0.0448
18293,0.0448
18294,0.0636
18295,0.0637
18296,0.8293
18297,0.0113
18298,0.0113
18299,0.1765
18300,0.0113
18301,0.0113
18302,0.4872
18303,0.0113
18304,0.0113
18305,0.4872
18306,0.1766
18307,0.0448
18308,0.9264
18309,0.0113
18310,0.0113
18311,0.1766
18312,0.0113
18313,0.0113
18314,0.0636
18315,0.0636
18316,0.0113
18317,0.0448
18318,0.0113
18319,0.0113
18320,0.0636
18321,0.1765
18322,0.8293
18323,0.0113
18324,0.8293
18325,0.9928
18326,0.0637
18327,0.0448
18328,0.0113
18329,0.0636
18330,0.0113
18331,0.2665
18332,0.0113
18333,0.0448
18334,0.0113
18335,0.0637
18336,0.0448
18337,0.608
18338,0.0113
18339,0.0113
18340,0.2195
18341,0.0636
18342,0.0448
18343,0.0113
18344,0.9928
18345,0.9264
18346,0.0113
18347,0.0113
18348,0.0113
18349,0.0113
18350,0.6185
18351,0.0113
18352,0.0637
18353,0.0113
18354,0.0113
18355,0.0636
18356,0.0448
18357,0.6185
18358,0.1765
18359,0.0113
18360,0.0637
18361,0.9264
18362,0.0113
18363,0.0113
18364,0.3905
18365,0.9264
18366,0.608
18367,0.0113
18368,0.0113
18369,0.0113
18370,0.2195
18371,0.608
18372,0.0113
18373,0.0448
18374,0.0113
18375,0.1765
18376,0.2195
18377,0.0113
18378,0.1765
18379,0.0113
18380,0.6185
18381,0.9264
18382,0.1887
18383,0.2195
18384,0.0113
18385,0.0113
18386,0.9264
18387,0.6185
18388,0.4872
18389,0.0113
18390,0.2195
18391,0.6185
18392,0.1765
18393,0.2665
18394,0.1766
18395,0.2195
18396,0.6185
18397,0.0113
18398,0.9264
18399,0.1765
18400,0.1765
18401,0.0113
18402,0.6185
18403,0.5982
18404,0.0113
18405,0.0448
18406,0.1766
18407,0.0113
18408,0.6185
18409,0.0113
18410,0.0113
18411,0.0113
18412,0.0113
18413,0.9928
18414,0.2665
18415,0.0113
18416,0.0448
18417,0.0113
18418,0.9928
18419,0.2195
18420,0.0113
18421,0.9264
18422,0.0113
18423,0.0637
18424,0.4872
18425,0.9928
18426,0.0113
18427,0.9264
18428,0.0113
18429,0.1766
18430,0.9264
18431,0.0113
18432,0.0113
18433,0.0448
18434,0.0113
18435,0.1765
18436,0.2195
18437,0.0113
18438,0.0448
18439,0.0113
18440,0.2665
18441,0.1765
18442,0.0448
18443,0.0448
18444,0.1766
18445,0.8293
18446,0.8293
18447,0.0113
18448,0.8293
18449,0.0113
18450,0.0637
18451,0.0113
18452,0.8293
18453,0.0113
18454,0.9264
18455,0.1887
18456,0.0448
18457,0.0448
18458,0.9264
18459,0.3905
18460,0.1766
18461,0.0637
18462,0.2195
18463,0.0113
18464,0.0113
18465,0.0113
18466,0.0448
18467,0.1766
18468,0.1765
18469,0.0113
18470,0.4872
18471,0.8293
18472,0.0113
18473,0.0113
18474,0.0113
18475,0.0113
18476,0.1765
18477,0.0113
18478,0.9264
18479,0.0113
18480,0.9264
18481,0.0113
18482,0.9264
18483,0.0636
18484,0.0637
18485,0.9264
18486,0.0448
18487,0.0113
18488,0.9264
18489,0.0113
18490,0.0113
18491,0.0113
18492,0.8293
18493,0.2665
18494,0.6185
18495,0.8293
18496,0.1887
18497,0.0113
18498,0.4872
18499,0.0113
18500,0.6185
18501,0.4872
18502,0.0448
18503,0.0113
18504,0.0113
18505,0.0113
18506,0.0113
18507,0.0448
18508,0.0113
18509,0.0113
18510,0.2665
18511,0.0113
18512,0.0448
18513,0.9264
18514,0.0113
18515,0.0636
18516,0.0448
18517,0.0113
18518,0.0637
18519,0.0113
18520,0.0113
18521,0.0113
18522,0.0113
18523,0.0113
18524,0.0113
18525,0.0636
18526,0.1765
18527,0.9264
18528,0.0113
18529,0.0113
18530,0.0113
18531,0.0113
18532,0.1766
18533,0.0113
18534,0.1765
18535,0.0113
18536,0.0113
18537,0.9077
18538,0.1765
18539,0.0113
18540,0.4872
18541,0.0113
18542,0.1765
18543,0.0113
18544,0.0636
18545,0.0113
18546,0.1765
18547,0.1765
18548,0.8293
18549,0.9264
18550,0.9928
18551,0.0448
18552,0.6185
18553,0.2195
18554,0.1765
18555,0.0448
18556,0.0113
18557,0.0113
18558,0.0636
18559,0.608
18560,0.1766
18561,0.0636
18562,0.3905
18563,0.0636
18564,0.9264
18565,0.0113
18566,0.0113
18567,0.0637
18568,0.0636
18569,0.0113
18570,0.4872
18571,0.0113
18572,0.0113
18573,0.0113
18574,0.0636
18575,0.0636
18576,0.0113
18577,0.1766
18578,0.0113
18579,0.0637
18580,0.1765
18581,0.0113
18582,0.2665
18583,0.0636
18584,0.2665
18585,0.0448
18586,0.0636
18587,0.0113
18588,0.2665
18589,0.0113
18590,0.0113
18591,0.6185
18592,0.1765
18593,0.0448
18594,0.0113
18595,0.9264
18596,0.1765
18597,0.2665
18598,0.6185
18599,0.6185
18600,0.4872
18601,0.0113
18602,0.0113
18603,0.0113
18604,0.608
18605,0.0113
18606,0.0637
18607,0.0113
18608,0.8293
18609,0.2665
18610,0.4872
18611,0.0113
18612,0.0113
18613,0.9264
18614,0.0113
18615,0.4872
18616,0.0113
18617,0.9264
18618,0.0636
18619,0.0113
18620,0.0636
18621,0.0113
18622,0.0448
18623,0.0113
18624,0.0113
18625,0.0113
18626,0.0113
18627,0.1765
18628,0.0113
18629,0.1766
18630,0.0637
18631,0.608
18632,0.0637
18633,0.0448
18634,0.608
18635,0.0113
18636,0.1765
18637,0.6185
18638,0.0113
18639,0.0637
18640,0.2665
18641,0.0113
18642,0.6185
18643,0.0113
18644,0.0113
18645,0.0113
18646,0.4872
18647,0.0113
18648,0.0113
18649,0.0113
18650,0.1765
18651,0.0637
18652,0.0113
18653,0.0113
18654,0.1766
18655,0.0113
18656,0.0113
18657,0.0113
18658,0.0448
18659,0.1765
18660,0.0113
18661,0.0113
18662,0.0113
18663,0.1765
18664,0.0637
18665,0.0448
18666,0.1765
18667,0.0113
18668,0.0113
18669,0.0113
18670,0.1765
18671,0.0113
18672,0.9264
18673,0.2665
18674,0.0113
18675,0.6185
18676,0.0113
18677,0.0113
18678,0.0113
18679,0.0448
18680,0.6185
18681,0.1887
18682,0.4872
18683,0.0113
18684,0.9264
18685,0.0113
18686,0.0448
18687,0.8293
18688,0.0113
18689,0.4872
18690,0.0113
18691,0.0113
18692,0.0113
18693,0.4872
18694,0.1765
18695,0.9928
18696,0.3905
18697,0.8293
18698,0.9264
18699,0.0113
18700,0.0113
18701,0.0636
18702,0.1765
18703,0.0113
18704,0.8293
18705,0.1766
18706,0.0113
18707,0.1765
18708,0.0113
18709,0.8293
18710,0.0113
18711,0.0448
18712,0.0113
18713,0.0113
18714,0.1765
18715,0.0113
18716,0.2195
18717,0.0448
18718,0.0113
18719,0.0113
18720,0.0448
18721,0.1765
18722,0.0113
18723,0.6185
18724,0.3905
18725,0.8293
18726,0.2195
18727,0.0113
18728,0.2665
18729,0.2195
18730,0.0636
18731,0.9264
18732,0.0113
18733,0.9928
18734,0.0113
18735,0.1766
18736,0.1766
18737,0.2665
18738,0.1766
18739,0.0113
18740,0.0113
18741,0.0113
18742,0.4872
18743,0.2665
18744,0.0113
18745,0.0113
18746,0.1765
18747,0.9077
18748,0.9264
18749,0.1887
18750,0.0637
18751,0.0637
18752,0.0113
18753,0.4872
18754,0.0637
18755,0.0113
18756,0.1765
18757,0.0113
18758,0.1765
18759,0.6185
18760,0.0113
18761,0.0113
18762,0.1765
18763,0.4872
18764,0.0636
18765,0.0448
18766,0.0448
18767,0.0448
18768,0.0448
18769,0.0113
18770,0.0113
18771,0.0113
18772,0.0636
18773,0.1765
18774,0.2665
18775,0.0113
18776,0.0113
18777,0.0448
18778,0.0113
18779,0.0113
18780,0.0448
18781,0.0113
18782,0.0113
18783,0.8293
18784,0.9264
18785,0.0636
18786,0.0113
18787,0.0448
18788,0.2665
18789,0.3905
18790,0.608
18791,0.0113
18792,0.0636
18793,0.0636
18794,0.0113
18795,0.1765
18796,0.0448
18797,0.0113
18798,0.0113
18799,0.0113
18800,0.0113
18801,0.0113
18802,0.6185
18803,0.0113
18804,0.0113
18805,0.0637
18806,0.0636
18807,0.0637
18808,0.1887
18809,0.0637
18810,0.2665
18811,0.0113
18812,0.0113
18813,0.0448
18814,0.0113
18815,0.0113
18816,0.0113
18817,0.0113
18818,0.1765
18819,0.0113
18820,0.2665
18821,0.9077
18822,0.0448
18823,0.1765
18824,0.9264
18825,0.0636
18826,0.3905
18827,0.608
18828,0.0113
18829,0.0113
18830,0.1765
18831,0.9264
18832,0.608
18833,0.0113
18834,0.608
18835,0.1765
18836,0.6185
18837,0.2665
18838,0.1765
18839,0.1766
18840,0.0113
18841,0.0113
18842,0.0113
18843,0.0113
18844,0.1766
18845,0.1766
18846,0.0448
18847,0.608
18848,0.0113
18849,0.0113
18850,0.9264
18851,0.0636
18852,0.1765
18853,0.9928
18854,0.1765
18855,0.0637
18856,0.1766
18857,0.1765
18858,0.0113
18859,0.0113
18860,0.6185
18861,0.0113
18862,0.0113
18863,0.0448
18864,0.1765
18865,0.0113
18866,0.0113
18867,0.0113
18868,0.0113
18869,0.0448
18870,0.0448
18871,0.0113
18872,0.9264
18873,0.2195
18874,0.0113
18875,0.0448
18876,0.9264
18877,0.0113
18878,0.6185
18879,0.1765
18880,0.8293
18881,0.0637
18882,0.4872
18883,0.2665
18884,0.9264
18885,0.9928
18886,0.9264
18887,0.0113
18888,0.0113
18889,0.0113
18890,0.608
18891,0.0113
18892,0.0113
18893,0.0113
18894,0.0637
18895,0.608
18896,0.5982
18897,0.0637
18898,0.0113
18899,0.0448
18900,0.1766
18901,0.2665
18902,0.0113
18903,0.0113
18904,0.0637
18905,0.0113
18906,0.0637
18907,0.0113
18908,0.0113
18909,0.9264
18910,0.1765
18911,0.2195
18912,0.4872
18913,0.1766
18914,0.1765
18915,0.0636
18916,0.6185
18917,0.0113
18918,0.9264
18919,0.2665
18920,0.1765
18921,0.1766
18922,0.5982
18923,0.9264
18924,0.0113
18925,0.2665
18926,0.0636
18927,0.0636
18928,0.1765
18929,0.0113
18930,0.1887
18931,0.9264
18932,0.0637
18933,0.9264
18934,0.0448
18935,0.1766
18936,0.0113
18937,0.0113
18938,0.1765
18939,0.1766
18940,0.0113
18941,0.0113
18942,0.0113
18943,0.0113
18944,0.9264
18945,0.4872
18946,0.0113
18947,0.0113
18948,0.0113
18949,0.0113
18950,0.2195
18951,0.5982
18952,0.6185
18953,0.0113
18954,0.0113
18955,0.3905
18956,0.9264
18957,0.0113
18958,0.0113
18959,0.0113
18960,0.0113
18961,0.0113
18962,0.0113
18963,0.1765
18964,0.0113
18965,0.9077
18966,0.0637
18967,0.8293
18968,0.9264
18969,0.2665
18970,0.6185
18971,0.0113
18972,0.0448
18973,0.0637
18974,0.0448
18975,0.0113
18976,0.0113
18977,0.0637
18978,0.0636
18979,0.0113
18980,0.9077
18981,0.1766
18982,0.6185
18983,0.0448
18984,0.0113
18985,0.0113
18986,0.9264
18987,0.0113
18988,0.0113
18989,0.2195
18990,0.2665
18991,0.0113
18992,0.9264
18993,0.0113
18994,0.1765
18995,0.1765
18996,0.6185
18997,0.4872
18998,0.1765
18999,0.1765
19000,0.1765
19001,0.0637
19002,0.0113
19003,0.0113
19004,0.8293
19005,0.2665
19006,0.2195
19007,0.0113
19008,0.8293
19009,0.0637
19010,0.0113
19011,0.0636
19012,0.0113
19013,0.0113
19014,0.6185
19015,0.0113
19016,0.1765
19017,0.0448
19018,0.0636
19019,0.0637
19020,0.0448
19021,0.0637
19022,0.0113
19023,0.0637
19024,0.4872
19025,0.0113
19026,0.1765
19027,0.1765
19028,0.2665
19029,0.0113
19030,0.0448
19031,0.0113
19032,0.0113
19033,0.0448
19034,0.0636
19035,0.0113
19036,0.0448
19037,0.0113
19038,0.0636
19039,0.0113
19040,0.1887
19041,0.0448
19042,0.0113
19043,0.0113
19044,0.0448
19045,0.9264
19046,0.0113
19047,0.4872
19048,0.0113
19049,0.2665
19050,0.0448
19051,0.1765
19052,0.9928
19053,0.0113
19054,0.0113
19055,0.5982
19056,0.2665
19057,0.0636
19058,0.2195
19059,0.1766
19060,0.0448
19061,0.0113
19062,0.0113
19063,0.0113
19064,0.0637
19065,0.1765
19066,0.6185
19067,0.0113
19068,0.0636
19069,0.0113
19070,0.1765
19071,0.6185
19072,0.2665
19073,0.9928
19074,0.0113
19075,0.4872
19076,0.1765
19077,0.1887
19078,0.0113
19079,0.3905
19080,0.0113
19081,0.0448
19082,0.0113
19083,0.9264
19084,0.0636
19085,0.0448
19086,0.8293
19087,0.4872
19088,0.1765
19089,0.1766
19090,0.2665
19091,0.1765
19092,0.9264
19093,0.0637
19094,0.0113
19095,0.0448
19096,0.0113
19097,0.0636
19098,0.9264
19099,0.0113
19100,0.608
19101,0.3905
19102,0.0113
19103,0.0448
19104,0.0113
19105,0.0113
19106,0.0113
19107,0.2195
19108,0.0113
19109,0.0637
19110,0.1766
19111,0.1765
19112,0.0113
19113,0.0637
19114,0.0636
19115,0.2665
19116,0.0448
19117,0.0637
19118,0.0113
19119,0.2195
19120,0.0113
19121,0.0448
19122,0.0113
19123,0.0113
19124,0.0637
19125,0.0113
19126,0.1765
19127,0.0113
19128,0.0113
19129,0.0636
19130,0.9264
19131,0.2665
19132,0.4872
19133,0.0113
19134,0.0113
19135,0.608
19136,0.1765
19137,0.0113
19138,0.0113
19139,0.0113
19140,0.0636
19141,0.1765
19142,0.608
19143,0.1765
19144,0.1766
19145,0.0113
19146,0.0113
19147,0.0113
19148,0.2665
19149,0.0448
19150,0.0113
19151,0.0113
19152,0.9264
19153,0.9264
19154,0.0637
19155,0.0636
19156,0.6185
19157,0.0448
19158,0.0113
19159,0.1765
19160,0.8293
19161,0.1765
19162,0.0637
19163,0.0636
19164,0.1766
19165,0.0113
19166,0.0113
19167,0.0448
19168,0.6185
19169,0.1765
19170,0.8293
19171,0.0637
19172,0.1765
19173,0.0448
19174,0.0113
19175,0.0113
19176,0.0113
19177,0.0636
19178,0.0448
19179,0.0113
19180,0.0113
19181,0.0448
19182,0.1765
19183,0.1766
19184,0.0636
19185,0.0113
19186,0.0113
19187,0.2665
19188,0.1765
19189,0.0113
19190,0.0448
19191,0.4872
19192,0.5982
19193,0.0113
19194,0.1765
19195,0.1766
19196,0.9928
19197,0.0637
19198,0.1765
19199,0.9264
19200,0.8293
19201,0.1766
19202,0.6185
19203,0.0636
19204,0.0636
19205,0.0448
19206,0.0113
19207,0.9264
19208,0.0113
19209,0.9264
19210,0.8293
19211,0.1765
19212,0.9264
19213,0.0113
19214,0.0448
19215,0.3905
19216,0.0113
19217,0.0636
19218,0.3905
19219,0.0113
19220,0.2665
19221,0.0636
19222,0.1887
19223,0.0113
19224,0.2195
19225,0.3905
19226,0.3905
19227,0.1765
19228,0.0113
19229,0.0637
19230,0.1765
19231,0.0113
19232,0.0448
19233,0.0113
19234,0.0113
19235,0.0113
19236,0.0113
19237,0.1765
19238,0.0113
19239,0.0113
19240,0.0113
19241,0.0113
19242,0.0113
19243,0.9264
19244,0.0448
19245,0.2665
19246,0.0113
19247,0.8293
19248,0.0113
19249,0.0113
19250,0.1765
19251,0.0113
19252,0.0113
19253,0.0113
19254,0.0113
19255,0.0448
19256,0.0113
19257,0.0636
19258,0.9264
19259,0.9264
19260,0.8293
19261,0.0113
19262,0.0113
19263,0.0113
19264,0.4872
19265,0.0113
19266,0.0448
19267,0.0113
19268,0.2665
19269,0.0113
19270,0.1766
19271,0.2195
19272,0.1765
19273,0.0113
19274,0.0113
19275,0.2195
19276,0.0113
19277,0.0113
19278,0.6185
19279,0.0113
19280,0.0113
19281,0.0113
19282,0.0113
19283,0.0113
19284,0.0113
19285,0.6185
19286,0.0113
19287,0.0448
19288,0.0113
19289,0.0448
19290,0.1766
19291,0.0113
19292,0.9077
19293,0.8293
19294,0.0113
19295,0.0113
19296,0.0113
19297,0.0637
19298,0.9264
19299,0.0448
19300,0.0636
19301,0.0636
19302,0.0113
19303,0.1766
19304,0.608
19305,0.1765
19306,0.0448
19307,0.0113
19308,0.1765
19309,0.2195
19310,0.0113
19311,0.1765
19312,0.1765
19313,0.0636
19314,0.4872
19315,0.0448
19316,0.4872
19317,0.1765
19318,0.2665
19319,0.1766
19320,0.0113
19321,0.1765
19322,0.2195
19323,0.2665
19324,0.0113
19325,0.0113
19326,0.608
19327,0.0113
19328,0.0113
19329,0.0113
19330,0.0113
19331,0.9264
19332,0.0637
19333,0.0636
19334,0.0113
19335,0.0113
19336,0.2665
19337,0.9264
19338,0.1765
19339,0.0113
19340,0.1765
19341,0.0448
19342,0.0113
19343,0.0448
19344,0.0637
19345,0.2195
19346,0.0113
19347,0.0636
19348,0.0448
19349,0.6185
19350,0.0113
19351,0.0637
19352,0.6185
19353,0.1765
19354,0.0448
19355,0.0448
19356,0.0448
19357,0.0113
19358,0.0636
19359,0.0637
19360,0.1765
19361,0.0448
19362,0.1765
19363,0.1765
19364,0.3905
19365,0.1766
19366,0.0113
19367,0.4872
19368,0.5982
19369,0.0113
19370,0.0113
19371,0.9264
19372,0.0113
19373,0.0113
19374,0.0448
19375,0.0113
19376,0.0113
19377,0.8293
19378,0.0448
19379,0.0113
19380,0.0113
19381,0.0113
19382,0.0448
19383,0.0113
19384,0.0113
19385,0.0637
19386,0.0448
19387,0.0113
19388,0.5982
19389,0.9928
19390,0.608
19391,0.9264
19392,0.0113
19393,0.0113
19394,0.2665
19395,0.1765
19396,0.0113
19397,0.9077
19398,0.2665
19399,0.0113
19400,0.2665
19401,0.0637
19402,0.0113
19403,0.1766
19404,0.0113
19405,0.0113
19406,0.2665
19407,0.1765
19408,0.0113
19409,0.0113
19410,0.0113
19411,0.0113
19412,0.0113
19413,0.0113
19414,0.6185
19415,0.0113
19416,0.0636
19417,0.9928
19418,0.0113
19419,0.0636
19420,0.2195
19421,0.1766
19422,0.0113
19423,0.4872
19424,0.4872
19425,0.0113
19426,0.0113
19427,0.0113
19428,0.0113
19429,0.0637
19430,0.0113
19431,0.0113
19432,0.0113
19433,0.0113
19434,0.4872
19435,0.0448
19436,0.0113
19437,0.9264
19438,0.0113
19439,0.1766
19440,0.1766
19441,0.0448
19442,0.0113
19443,0.0113
19444,0.0113
19445,0.0448
19446,0.0113
19447,0.0636
19448,0.2665
19449,0.0113
19450,0.0113
19451,0.3905
19452,0.0113
19453,0.0113
19454,0.6185
19455,0.2665
19456,0.4872
19457,0.1766
19458,0.2195
19459,0.0113
19460,0.9264
19461,0.0113
19462,0.0113
19463,0.0636
19464,0.1765
19465,0.2665
19466,0.0113
19467,0.0113
19468,0.8293
19469,0.0113
19470,0.0637
19471,0.4872
19472,0.6185
19473,0.0113
19474,0.0448
19475,0.2195
19476,0.0113
19477,0.8293
19478,0.1766
19479,0.0113
19480,0.1765
19481,0.608
19482,0.1765
19483,0.0113
19484,0.0113
19485,0.0113
19486,0.9264
19487,0.1765
19488,0.0637
19489,0.1765
19490,0.0113
19491,0.1765
19492,0.1887
19493,0.1765
19494,0.1887
19495,0.0113
19496,0.6185
19497,0.0448
19498,0.1765
19499,0.0113
19500,0.9264
19501,0.0113
19502,0.9264
19503,0.1766
19504,0.9264
19505,0.0637
19506,0.1765
19507,0.6185
19508,0.1765
19509,0.0113
19510,0.0113
19511,0.2665
19512,0.1765
19513,0.0113
19514,0.0113
19515,0.6185
19516,0.3905
19517,0.1887
19518,0.0113
19519,0.0113
19520,0.0113
19521,0.1766
19522,0.608
19523,0.0113
19524,0.0448
19525,0.0448
19526,0.0113
19527,0.3905
19528,0.608
19529,0.0448
19530,0.6185
19531,0.0113
19532,0.4872
19533,0.1766
19534,0.0637
19535,0.0448
19536,0.1766
19537,0.0113
19538,0.1766
19539,0.5982
19540,0.2195
19541,0.0113
19542,0.0113
19543,0.0113
19544,0.6185
19545,0.6185
19546,0.6185
19547,0.0113
19548,0.0113
19549,0.0636
19550,0.1765
19551,0.0636
19552,0.0113
19553,0.0113
19554,0.0113
19555,0.0113
19556,0.0113
19557,0.9264
19558,0.0113
19559,0.0448
19560,0.0113
19561,0.9264
19562,0.0637
19563,0.1766
19564,0.0113
19565,0.1766
19566,0.2665
19567,0.8293
19568,0.0113
19569,0.1765
19570,0.0113
19571,0.0113
19572,0.0113
19573,0.0113
19574,0.0113
19575,0.1765
19576,0.6185
19577,0.0113
19578,0.0113
19579,0.2665
19580,0.0113
19581,0.4872
19582,0.0448
19583,0.0113
19584,0.0113
19585,0.0113
19586,0.2195
19587,0.1766
19588,0.0637
19589,0.0113
19590,0.2195
19591,0.2665
19592,0.0113
19593,0.9264
19594,0.0113
19595,0.1765
19596,0.0448
19597,0.0637
19598,0.0113
19599,0.0113
19600,0.0113
19601,0.8293
19602,0.8293
19603,0.9264
19604,0.0113
19605,0.6185
19606,0.2665
19607,0.0637
19608,0.0448
19609,0.0636
19610,0.1887
19611,0.4872
19612,0.1765
19613,0.0113
19614,0.0448
19615,0.0113
19616,0.0113
19617,0.0113
19618,0.1766
19619,0.0636
19620,0.0637
19621,0.0637
19622,0.9928
19623,0.0113
19624,0.1765
19625,0.0636
19626,0.4872
19627,0.0448
19628,0.3905
19629,0.0636
19630,0.0113
19631,0.9928
19632,0.1765
19633,0.1766
19634,0.0448
19635,0.1766
19636,0.0636
19637,0.6185
19638,0.0113
19639,0.0113
19640,0.0448
19641,0.0113
19642,0.0113
19643,0.0113
19644,0.0113
19645,0.0637
19646,0.0448
19647,0.0113
19648,0.0113
19649,0.0636
19650,0.0113
19651,0.0113
19652,0.0448
19653,0.0113
19654,0.8293
19655,0.0636
19656,0.0448
19657,0.0637
19658,0.9264
19659,0.0113
19660,0.2195
19661,0.6185
19662,0.2665
19663,0.0113
19664,0.608
19665,0.0113
19666,0.0113
19667,0.1766
19668,0.0113
19669,0.0113
19670,0.2665
19671,0.2195
19672,0.0448
19673,0.0113
19674,0.3905
19675,0.6185
19676,0.0636
19677,0.0113
19678,0.0113
19679,0.1766
19680,0.0113
19681,0.6185
19682,0.9264
19683,0.0637
19684,0.0637
19685,0.6185
19686,0.0113
19687,0.1765
19688,0.0113
19689,0.0448
19690,0.9264
19691,0.0637
19692,0.9264
19693,0.0113
19694,0.0113
19695,0.0637
19696,0.0113
19697,0.6185
19698,0.0637
19699,0.2195
19700,0.0113
19701,0.0113
19702,0.6185
19703,0.0113
19704,0.1765
19705,0.1765
19706,0.3905
19707,0.0113
19708,0.0113
19709,0.0113
19710,0.0113
19711,0.9264
19712,0.0113
19713,0.0113
19714,0.1765
19715,0.0637
19716,0.0113
19717,0.1765
19718,0.0113
19719,0.0113
19720,0.2665
19721,0.0113
19722,0.608
19723,0.9264
19724,0.0113
19725,0.2665
19726,0.0113
19727,0.0637
19728,0.0637
19729,0.0113
19730,0.0113
19731,0.2665
19732,0.1765
19733,0.0113
19734,0.1766
19735,0.0113
19736,0.0637
19737,0.9264
19738,0.8293
19739,0.6185
19740,0.0113
19741,0.0113
19742,0.0637
19743,0.2195
19744,0.0113
19745,0.0448
19746,0.0448
19747,0.0448
19748,0.0113
19749,0.0113
19750,0.0448
19751,0.2665
19752,0.0448
19753,0.0113
19754,0.1887
19755,0.0113
19756,0.0113
19757,0.0448
19758,0.6185
19759,0.2665
19760,0.0448
19761,0.0113
19762,0.0113
19763,0.0113
19764,0.8293
19765,0.0113
19766,0.9264
19767,0.3905
19768,0.9928
19769,0.0113
19770,0.0448
19771,0.0113
19772,0.0113
19773,0.2195
19774,0.9264
19775,0.0113
19776,0.0113
19777,0.3905
19778,0.0636
19779,0.0448
19780,0.0113
19781,0.1766
19782,0.0448
19783,0.0113
19784,0.2665
19785,0.0113
19786,0.0113
19787,0.0113
19788,0.0448
19789,0.0113
19790,0.9264
19791,0.2665
19792,0.0113
19793,0.2195
19794,0.9264
19795,0.0113
19796,0.0448
19797,0.2665
19798,0.0113
19799,0.9264
19800,0.0113
19801,0.1766
19802,0.0113
19803,0.2665
19804,0.9077
19805,0.4872
19806,0.0113
19807,0.0448
19808,0.1766
19809,0.0113
19810,0.0636
19811,0.0113
19812,0.0113
19813,0.0113
19814,0.0448
19815,0.0637
19816,0.0637
19817,0.0113
19818,0.0113
19819,0.0113
19820,0.1766
19821,0.0113
19822,0.0113
19823,0.1766
19824,0.0637
19825,0.1765
19826,0.2665
19827,0.2665
19828,0.1766
19829,0.6185
19830,0.0113
19831,0.0113
19832,0.0637
19833,0.3905
19834,0.0113
19835,0.2665
19836,0.0113
19837,0.0113
19838,0.0113
19839,0.0637
19840,0.1765
19841,0.2665
19842,0.0113
19843,0.1765
19844,0.0448
19845,0.2665
19846,0.0113
19847,0.0113
19848,0.1765
19849,0.0448
19850,0.0113
19851,0.0113
19852,0.0636
19853,0.1765
19854,0.9264
19855,0.0448
19856,0.2195
19857,0.6185
19858,0.1765
19859,0.5982
19860,0.9264
19861,0.9928
19862,0.0636
19863,0.3905
19864,0.0113
19865,0.0637
19866,0.0636
19867,0.0113
19868,0.0113
19869,0.0113
19870,0.0636
19871,0.2665
19872,0.0636
19873,0.4872
19874,0.0113
19875,0.2665
19876,0.0113
19877,0.0637
19878,0.0113
19879,0.0113
19880,0.0637
19881,0.0448
19882,0.0113
19883,0.0448
19884,0.0637
19885,0.9264
19886,0.0448
19887,0.0113
19888,0.9928
19889,0.1765
19890,0.1766
19891,0.2665
19892,0.2195
19893,0.0448
19894,0.0113
19895,0.6185
19896,0.0113
19897,0.6185
19898,0.0113
19899,0.0448
19900,0.1887
19901,0.1765
19902,0.0113
19903,0.0637
19904,0.0113
19905,0.0113
19906,0.0448
19907,0.0113
19908,0.0113
19909,0.1765
19910,0.8293
19911,0.2195
19912,0.0113
19913,0.0113
19914,0.0636
19915,0.3905
19916,0.0113
19917,0.0113
19918,0.0113
19919,0.0113
19920,0.0113
19921,0.0448
19922,0.4872
19923,0.0448
19924,0.2195
19925,0.1766
19926,0.2195
19927,0.2195
19928,0.0113
19929,0.2665
19930,0.0448
19931,0.0113
19932,0.0637
19933,0.0113
19934,0.0636
19935,0.0636
19936,0.0113
19937,0.1765
19938,0.0113
19939,0.0113
19940,0.0113
19941,0.0113
19942,0.0113
19943,0.0113
19944,0.0113
19945,0.0448
19946,0.0113
19947,0.0113
19948,0.0637
19949,0.0113
19950,0.1765
19951,0.6185
19952,0.0113
19953,0.1766
19954,0.0637
19955,0.0448
19956,0.1765
19957,0.0113
19958,0.0113
19959,0.1887
19960,0.0448
19961,0.0113
19962,0.0636
19963,0.0113
19964,0.0113
19965,0.0113
19966,0.2665
19967,0.2665
19968,0.6185
19969,0.6185
19970,0.2665
19971,0.0113
19972,0.0113
19973,0.9264
19974,0.0113
19975,0.9264
19976,0.0448
19977,0.0113
19978,0.0113
19979,0.8293
19980,0.1765
19981,0.0113
19982,0.0113
19983,0.608
19984,0.4872
19985,0.2665
19986,0.0113
19987,0.9928
19988,0.0113
19989,0.0113
19990,0.1766
19991,0.0113
19992,0.9264
19993,0.0448
19994,0.1887
19995,0.1765
19996,0.0636
19997,0.0113
19998,0.0113
19999,0.0113
20000,0.0113
20001,0.0113
20002,0.1765
20003,0.0637
20004,0.1887
20005,0.3905
20006,0.9264
20007,0.3905
20008,0.2195
20009,0.0113
20010,0.0113
20011,0.0636
20012,0.0113
20013,0.0113
20014,0.1765
20015,0.0113
20016,0.0636
20017,0.0113
20018,0.0113
20019,0.0636
20020,0.0113
20021,0.0113
20022,0.0637
20023,0.0448
20024,0.0113
20025,0.0113
20026,0.0113
20027,0.9264
20028,0.0113
20029,0.6185
20030,0.0637
20031,0.0113
20032,0.2665
20033,0.608
20034,0.0636
20035,0.1765
20036,0.0113
20037,0.1765
20038,0.9928
20039,0.2195
20040,0.0113
20041,0.0113
20042,0.0113
20043,0.0113
20044,0.0113
20045,0.6185
20046,0.6185
20047,0.9928
20048,0.0113
20049,0.6185
20050,0.6185
20051,0.0113
20052,0.0113
20053,0.9928
20054,0.0113
20055,0.1765
20056,0.0113
20057,0.0448
20058,0.2195
20059,0.1765
20060,0.0113
20061,0.0113
20062,0.0448
20063,0.0113
20064,0.0113
20065,0.2195
20066,0.2665
20067,0.0448
20068,0.2665
20069,0.608
20070,0.0636
20071,0.0636
20072,0.1765
20073,0.1765
20074,0.0113
20075,0.0113
20076,0.3905
20077,0.1765
20078,0.0636
20079,0.0113
20080,0.2665
20081,0.6185
20082,0.0448
20083,0.1765
20084,0.9264
20085,0.0113
20086,0.0113
20087,0.0113
20088,0.0113
20089,0.0113
20090,0.1766
20091,0.2195
20092,0.0113
20093,0.1765
20094,0.2195
20095,0.4872
20096,0.4872
20097,0.6185
20098,0.0113
20099,0.0113
20100,0.9264
20101,0.4872
20102,0.2665
20103,0.0113
20104,0.6185
20105,0.0113
20106,0.0113
20107,0.6185
20108,0.0113
20109,0.9928
20110,0.4872
20111,0.0448
20112,0.0113
20113,0.0113
20114,0.9264
20115,0.9264
20116,0.2195
20117,0.0113
20118,0.0113
20119,0.4872
20120,0.0113
20121,0.0113
20122,0.2665
20123,0.0448
20124,0.1765
20125,0.1766
20126,0.0637
20127,0.0637
20128,0.9264
20129,0.1765
20130,0.1765
20131,0.0113
20132,0.0448
20133,0.0113
20134,0.2665
20135,0.1766
20136,0.0113
20137,0.0113
20138,0.9264
20139,0.0113
20140,0.6185
20141,0.0113
20142,0.0113
20143,0.0636
20144,0.0448
20145,0.0113
20146,0.0448
20147,0.1766
20148,0.0113
20149,0.6185
20150,0.0113
20151,0.9264
20152,0.0113
20153,0.1766
20154,0.0113
20155,0.0448
20156,0.0113
20157,0.0636
20158,0.0113
20159,0.0448
20160,0.9264
20161,0.0636
20162,0.0113
20163,0.0113
20164,0.2195
20165,0.0113
20166,0.0113
20167,0.3905
20168,0.0113
20169,0.0113
20170,0.0113
20171,0.9264
20172,0.6185
20173,0.9264
20174,0.0448
20175,0.2195
20176,0.0636
20177,0.0113
20178,0.0113
20179,0.0448
20180,0.0113
20181,0.0113
20182,0.1887
20183,0.0113
20184,0.9264
20185,0.1765
20186,0.0113
20187,0.0113
20188,0.4872
20189,0.1765
20190,0.6185
20191,0.0113
20192,0.8293
20193,0.1765
20194,0.0113
20195,0.9264
20196,0.0113
20197,0.0113
20198,0.0113
20199,0.0113
20200,0.0113
20201,0.3905
20202,0.0113
20203,0.1765
20204,0.0448
20205,0.0113
20206,0.0448
20207,0.9928
20208,0.0113
20209,0.0113
20210,0.0113
20211,0.0113
20212,0.9264
20213,0.0113
20214,0.1766
20215,0.4872
20216,0.0113
20217,0.0113
20218,0.0637
20219,0.9264
20220,0.1765
20221,0.4872
20222,0.0113
20223,0.1765
20224,0.0448
20225,0.1765
20226,0.0113
20227,0.5982
20228,0.9264
20229,0.2665
20230,0.0113
20231,0.6185
20232,0.6185
20233,0.0636
20234,0.0113
20235,0.0637
20236,0.5982
20237,0.6185
20238,0.1766
20239,0.0113
20240,0.0113
20241,0.0113
20242,0.0113
20243,0.0113
20244,0.0113
20245,0.6185
20246,0.9264
20247,0.0113
20248,0.0113
20249,0.4872
20250,0.0448
20251,0.0113
20252,0.0113
20253,0.0113
20254,0.2665
20255,0.4872
20256,0.608
20257,0.8293
20258,0.1765
20259,0.5982
20260,0.0113
20261,0.1765
20262,0.0448
20263,0.9928
20264,0.1765
20265,0.2665
20266,0.9264
20267,0.2195
20268,0.0636
20269,0.1765
20270,0.0448
20271,0.1765
20272,0.0113
20273,0.0448
20274,0.0636
20275,0.0113
20276,0.2195
20277,0.8293
20278,0.0448
20279,0.4872
20280,0.0113
20281,0.0637
20282,0.0113
20283,0.6185
20284,0.0113
20285,0.8293
20286,0.0113
20287,0.0113
20288,0.0113
20289,0.8293
20290,0.0113
20291,0.0113
20292,0.608
20293,0.608
20294,0.0113
20295,0.0636
20296,0.2665
20297,0.0637
20298,0.0113
20299,0.9264
20300,0.2665
20301,0.0113
20302,0.9264
20303,0.0113
20304,0.1766
20305,0.0113
20306,0.0113
20307,0.0637
20308,0.1765
20309,0.2195
20310,0.0113
20311,0.0113
20312,0.0113
20313,0.0113
20314,0.6185
20315,0.9264
20316,0.0448
20317,0.0113
20318,0.0448
20319,0.9264
20320,0.9264
20321,0.0448
20322,0.1765
20323,0.0113
20324,0.9264
20325,0.0113
20326,0.1766
20327,0.0448
20328,0.0113
20329,0.2665
20330,0.4872
20331,0.9077
20332,0.608
20333,0.2665
20334,0.9264
20335,0.608
20336,0.0448
20337,0.0113
20338,0.2665
20339,0.6185
20340,0.0113
20341,0.1765
20342,0.0113
20343,0.1766
20344,0.0113
20345,0.5982
20346,0.1765
20347,0.0113
20348,0.4872
20349,0.0113
20350,0.0636
20351,0.1765
20352,0.0636
20353,0.0113
20354,0.1765
20355,0.0113
20356,0.0113
20357,0.6185
20358,0.0113
20359,0.0448
20360,0.2665
20361,0.0113
20362,0.0113
20363,0.0113
20364,0.9264
20365,0.0113
20366,0.0113
20367,0.0448
20368,0.0113
20369,0.0636
20370,0.0448
20371,0.0637
20372,0.0636
20373,0.0637
20374,0.0113
20375,0.0113
20376,0.0636
20377,0.9077
20378,0.0113
20379,0.2665
20380,0.0113
20381,0.9264
20382,0.0113
20383,0.9264
20384,0.0113
20385,0.0113
20386,0.0113
20387,0.0636
20388,0.0113
20389,0.0636
20390,0.6185
20391,0.1766
20392,0.0637
20393,0.0637
20394,0.9077
20395,0.0113
20396,0.1765
20397,0.0113
20398,0.9264
20399,0.0113
20400,0.1765
20401,0.9928
20402,0.9264
20403,0.0113
20404,0.0113
20405,0.0113
20406,0.0448
20407,0.2195
20408,0.6185
20409,0.3905
20410,0.6185
20411,0.0448
20412,0.0113
20413,0.0448
20414,0.9264
20415,0.9264
20416,0.0113
20417,0.0113
20418,0.0113
20419,0.0113
20420,0.0113
20421,0.1766
20422,0.0113
20423,0.0448
20424,0.0636
20425,0.0113
20426,0.9264
20427,0.0113
20428,0.9264
20429,0.1765
20430,0.0113
20431,0.0113
20432,0.1765
20433,0.0113
20434,0.0448
20435,0.0113
20436,0.0113
20437,0.9264
20438,0.9264
20439,0.0448
20440,0.0113
20441,0.0448
20442,0.0113
20443,0.1766
20444,0.1766
20445,0.1765
20446,0.0113
20447,0.608
20448,0.0637
20449,0.9077
20450,0.608
20451,0.9264
20452,0.0637
20453,0.0113
20454,0.0448
20455,0.0113
20456,0.0113
20457,0.0113
20458,0.4872
20459,0.8293
20460,0.6185
20461,0.0113
20462,0.0113
20463,0.4872
20464,0.0113
20465,0.0113
20466,0.0113
20467,0.8293
20468,0.0448
20469,0.4872
20470,0.0113
20471,0.2665
20472,0.0636
20473,0.0113
20474,0.0113
20475,0.0113
20476,0.1765
20477,0.5982
20478,0.0113
20479,0.3905
20480,0.1765
20481,0.2195
20482,0.3905
20483,0.0113
20484,0.0113
20485,0.0113
20486,0.0637
20487,0.2195
20488,0.0113
20489,0.9077
20490,0.9928
20491,0.1765
20492,0.0448
20493,0.0637
20494,0.0637
20495,0.0113
20496,0.0113
20497,0.0113
20498,0.2665
20499,0.608
20500,0.0113
20501,0.0113
20502,0.2665
20503,0.2665
20504,0.0113
20505,0.9264
20506,0.0113
20507,0.0637
20508,0.4872
20509,0.8293
20510,0.0448
20511,0.0113
20512,0.9264
20513,0.3905
20514,0.0113
20515,0.4872
20516,0.0113
20517,0.0113
20518,0.0113
20519,0.0448
20520,0.0113
20521,0.6185
20522,0.0113
20523,0.0636
20524,0.0637
20525,0.0636
20526,0.0113
20527,0.0448
20528,0.0448
20529,0.2665
20530,0.0636
20531,0.0113
20532,0.4872
20533,0.0637
20534,0.0113
20535,0.2195
20536,0.0113
20537,0.8293
20538,0.0636
20539,0.0636
20540,0.8293
20541,0.0113
20542,0.0636
20543,0.0636
20544,0.6185
20545,0.0637
20546,0.0113
20547,0.1766
20548,0.9264
20549,0.2195
20550,0.1766
20551,0.0113
20552,0.1765
20553,0.0113
20554,0.0637
20555,0.0113
20556,0.0113
20557,0.1766
20558,0.0113
20559,0.0113
20560,0.0113
20561,0.0113
20562,0.0113
20563,0.0113
20564,0.1765
20565,0.0637
20566,0.1765
20567,0.0448
20568,0.0113
20569,0.0448
20570,0.1766
20571,0.0113
20572,0.1765
20573,0.0113
20574,0.4872
20575,0.0113
20576,0.1765
20577,0.1765
20578,0.9264
20579,0.0113
20580,0.0113
20581,0.0448
20582,0.0637
20583,0.2195
20584,0.0113
20585,0.0113
20586,0.0113
20587,0.0113
20588,0.0113
20589,0.9077
20590,0.6185
20591,0.0636
20592,0.6185
20593,0.0113
20594,0.0113
20595,0.0113
20596,0.0636
20597,0.0448
20598,0.6185
20599,0.0637
20600,0.5982
20601,0.0113
20602,0.2195
20603,0.0636
20604,0.0113
20605,0.0113
20606,0.1765
20607,0.0113
20608,0.9264
20609,0.9264
20610,0.6185
20611,0.0637
20612,0.0113
20613,0.1765
20614,0.9928
20615,0.6185
20616,0.2665
20617,0.0113
20618,0.0448
20619,0.0113
20620,0.1765
20621,0.0113
20622,0.0113
20623,0.0113
20624,0.2195
20625,0.2665
20626,0.0113
20627,0.0113
20628,0.2195
20629,0.6185
20630,0.0448
20631,0.0113
20632,0.0637
20633,0.0113
20634,0.6185
20635,0.0113
20636,0.0113
20637,0.1765
20638,0.2665
20639,0.0448
20640,0.6185
20641,0.1765
20642,0.0113
20643,0.0448
20644,0.2195
20645,0.2665
20646,0.0113
20647,0.0448
20648,0.0448
20649,0.0113
20650,0.1887
20651,0.1766
20652,0.2665
20653,0.3905
20654,0.6185
20655,0.0113
20656,0.6185
20657,0.1766
20658,0.0113
20659,0.8293
20660,0.1766
20661,0.0113
20662,0.0113
20663,0.1765
20664,0.0113
20665,0.0113
20666,0.0637
20667,0.0113
20668,0.0113
20669,0.0637
20670,0.9928
20671,0.0113
20672,0.9264
20673,0.2665
20674,0.0113
20675,0.0113
20676,0.0636
20677,0.0448
20678,0.0113
20679,0.0113
20680,0.6185
20681,0.0113
20682,0.6185
20683,0.9077
20684,0.0113
20685,0.0448
20686,0.0113
20687,0.0637
20688,0.6185
20689,0.1766
20690,0.0113
20691,0.0113
20692,0.1765
20693,0.1765
20694,0.0113
20695,0.0113
20696,0.0113
20697,0.9264
20698,0.0113
20699,0.0113
20700,0.0113
20701,0.608
20702,0.0448
20703,0.6185
20704,0.0113
20705,0.2195
20706,0.0113
20707,0.0113
20708,0.1765
20709,0.0448
20710,0.2195
20711,0.1765
20712,0.1766
20713,0.9264
20714,0.6185
20715,0.0113
20716,0.0448
20717,0.1765
20718,0.1765
20719,0.0113
20720,0.1765
20721,0.0636
20722,0.2665
20723,0.0113
20724,0.0448
20725,0.0113
20726,0.0113
20727,0.9264
20728,0.2195
20729,0.0113
20730,0.0113
20731,0.0636
20732,0.0448
20733,0.9264
20734,0.0448
20735,0.2195
20736,0.0113
20737,0.5982
20738,0.6185
20739,0.0113
20740,0.0113
20741,0.5982
20742,0.0113
20743,0.0113
20744,0.6185
20745,0.9264
20746,0.0113
20747,0.0113
20748,0.1766
20749,0.0113
20750,0.1765
20751,0.9264
20752,0.0113
20753,0.1765
20754,0.1765
20755,0.0636
20756,0.2665
20757,0.0636
20758,0.0448
20759,0.2665
20760,0.0113
20761,0.0637
20762,0.2665
20763,0.0113
20764,0.8293
20765,0.0448
20766,0.0636
20767,0.5982
20768,0.0113
20769,0.0113
20770,0.0113
20771,0.1765
20772,0.0113
20773,0.0113
20774,0.0448
20775,0.0113
20776,0.0637
20777,0.0113
20778,0.0448
20779,0.6185
20780,0.9264
20781,0.0113
20782,0.0636
20783,0.6185
20784,0.0113
20785,0.0113
20786,0.9264
20787,0.0113
20788,0.3905
20789,0.6185
20790,0.0448
20791,0.3905
20792,0.0113
20793,0.0113
20794,0.0113
20795,0.1765
20796,0.608
20797,0.1766
20798,0.0113
20799,0.0637
20800,0.5982
20801,0.6185
20802,0.1765
20803,0.6185
20804,0.1765
20805,0.0448
20806,0.608
20807,0.0113
20808,0.0636
20809,0.1765
20810,0.2665
20811,0.0448
20812,0.2195
20813,0.0113
20814,0.0448
20815,0.4872
20816,0.1765
20817,0.0113
20818,0.0113
20819,0.0113
20820,0.5982
20821,0.6185
20822,0.2665
20823,0.0113
20824,0.0113
20825,0.2665
20826,0.0113
20827,0.2665
20828,0.0113
20829,0.1765
20830,0.4872
20831,0.2195
20832,0.0113
20833,0.8293
20834,0.608
20835,0.0113
20836,0.9264
20837,0.0636
20838,0.0113
20839,0.0637
20840,0.0113
20841,0.1765
20842,0.6185
20843,0.0448
20844,0.0113
20845,0.9264
20846,0.0113
20847,0.0448
20848,0.0113
20849,0.0113
20850,0.0448
20851,0.0636
20852,0.9264
20853,0.2195
20854,0.0113
20855,0.2195
20856,0.2195
20857,0.608
20858,0.9264
20859,0.0637
20860,0.2665
20861,0.0113
20862,0.2665
20863,0.2195
20864,0.0113
20865,0.0448
20866,0.0113
20867,0.0113
20868,0.9264
20869,0.0113
20870,0.0113
20871,0.0113
20872,0.0113
20873,0.0448
20874,0.5982
20875,0.3905
20876,0.3905
20877,0.2665
20878,0.0448
20879,0.0113
20880,0.0113
20881,0.0448
20882,0.6185
20883,0.0448
20884,0.0113
20885,0.0448
20886,0.2195
20887,0.0113
20888,0.3905
20889,0.0448
20890,0.1765
20891,0.0448
20892,0.1765
20893,0.2195
20894,0.0113
20895,0.0448
20896,0.6185
20897,0.0113
20898,0.4872
20899,0.1766
20900,0.0448
20901,0.0113
20902,0.2665
20903,0.6185
20904,0.0113
20905,0.0113
20906,0.1765
20907,0.0113
20908,0.0113
20909,0.0113
20910,0.1766
20911,0.3905
20912,0.0113
20913,0.9264
20914,0.608
20915,0.0636
20916,0.0113
20917,0.0448
20918,0.0448
20919,0.0113
20920,0.0448
20921,0.0113
20922,0.608
20923,0.0113
20924,0.9264
20925,0.0448
20926,0.9928
20927,0.0636
20928,0.2665
20929,0.3905
20930,0.0113
20931,0.0113
20932,0.0113
20933,0.0113
20934,0.0637
20935,0.0448
20936,0.9264
20937,0.0113
20938,0.0113
20939,0.0113
20940,0.1765
20941,0.0113
20942,0.0113
20943,0.0637
20944,0.6185
20945,0.0637
20946,0.9264
20947,0.0113
20948,0.0448
20949,0.1765
20950,0.0636
20951,0.0448
20952,0.6185
20953,0.2195
20954,0.0448
20955,0.0637
20956,0.0113
20957,0.2195
20958,0.0636
20959,0.6185
20960,0.1765
20961,0.0113
20962,0.0448
20963,0.0113
20964,0.2665
20965,0.0113
20966,0.2195
20967,0.1765
20968,0.0448
20969,0.0113
20970,0.0113
20971,0.0113
20972,0.0113
20973,0.0113
20974,0.0113
20975,0.1765
20976,0.0113
20977,0.2195
20978,0.1765
20979,0.0448
20980,0.608
20981,0.0448
20982,0.0113
20983,0.0113
20984,0.0113
20985,0.0113
20986,0.1766
20987,0.9264
20988,0.9264
20989,0.1765
20990,0.608
20991,0.9928
20992,0.1765
20993,0.0113
20994,0.0113
20995,0.0637
20996,0.0448
20997,0.1765
20998,0.2665
20999,0.0113
21000,0.9264
21001,0.0113
21002,0.9264
21003,0.0113
21004,0.2665
21005,0.0113
21006,0.8293
21007,0.0113
21008,0.0113
21009,0.0636
21010,0.8293
21011,0.0113
21012,0.0448
21013,0.0113
21014,0.1765
21015,0.1765
21016,0.1765
21017,0.0113
21018,0.0113
21019,0.0113
21020,0.0448
21021,0.0448
21022,0.608
21023,0.0637
21024,0.4872
21025,0.2665
21026,0.1765
21027,0.9264
21028,0.6185
21029,0.0113
21030,0.1765
21031,0.6185
21032,0.0113
21033,0.8293
21034,0.9077
21035,0.0113
21036,0.9264
21037,0.1765
21038,0.0113
21039,0.9264
21040,0.0113
21041,0.1765
21042,0.1766
21043,0.0113
21044,0.6185
21045,0.0113
21046,0.2665
21047,0.9264
21048,0.0637
21049,0.9264
21050,0.0113
21051,0.4872
21052,0.0113
21053,0.0637
21054,0.1766
21055,0.0113
21056,0.0448
21057,0.9264
21058,0.0113
21059,0.6185
21060,0.8293
21061,0.2665
21062,0.0113
21063,0.0448
21064,0.6185
21065,0.1765
21066,0.0113
21067,0.0113
21068,0.0448
21069,0.0448
21070,0.0113
21071,0.3905
21072,0.0113
21073,0.1766
21074,0.0113
21075,0.0113
21076,0.0113
21077,0.2665
21078,0.1765
21079,0.9264
21080,0.0113
21081,0.9928
21082,0.0113
21083,0.0448
21084,0.3905
21085,0.0113
21086,0.0637
21087,0.2195
21088,0.1765
21089,0.2665
21090,0.0636
21091,0.0113
21092,0.1765
21093,0.0113
21094,0.0113
21095,0.2195
21096,0.0113
21097,0.0448
21098,0.0636
21099,0.0448
21100,0.0448
21101,0.0113
21102,0.0113
21103,0.2665
21104,0.4872
21105,0.0113
21106,0.6185
21107,0.0113
21108,0.1765
21109,0.9264
21110,0.3905
21111,0.9928
21112,0.0113
21113,0.0113
21114,0.9264
21115,0.2665
21116,0.9264
21117,0.1765
21118,0.0113
21119,0.9264
21120,0.0113
21121,0.1887
21122,0.0636
21123,0.1766
21124,0.0113
21125,0.0448
21126,0.0113
21127,0.0113
21128,0.0113
21129,0.0448
21130,0.8293
21131,0.3905
21132,0.0637
21133,0.0448
21134,0.0113
21135,0.9264
21136,0.0636
21137,0.0113
21138,0.0113
21139,0.0113
21140,0.6185
21141,0.0113
21142,0.0113
21143,0.2665
21144,0.0113
21145,0.0113
21146,0.1766
21147,0.2665
21148,0.1765
21149,0.0113
21150,0.0113
21151,0.8293
21152,0.0113
21153,0.2665
21154,0.0113
21155,0.0113
21156,0.3905
21157,0.1766
21158,0.2195
21159,0.0113
21160,0.0113
21161,0.0113
21162,0.0113
21163,0.6185
21164,0.0113
21165,0.1765
21166,0.9264
21167,0.0637
21168,0.0113
21169,0.9264
21170,0.4872
21171,0.1765
21172,0.1765
21173,0.0113
21174,0.9928
21175,0.1765
21176,0.0113
21177,0.6185
21178,0.4872
21179,0.0113
21180,0.5982
21181,0.0637
21182,0.0113
21183,0.0636
21184,0.6185
21185,0.1765
21186,0.0113
21187,0.0113
21188,0.0113
21189,0.0113
21190,0.0113
21191,0.8293
21192,0.0637
21193,0.1766
21194,0.9928
21195,0.0448
21196,0.1765
21197,0.0113
21198,0.0113
21199,0.2195
21200,0.0113
21201,0.0448
21202,0.0113
21203,0.2195
21204,0.0113
21205,0.0113
21206,0.9264
21207,0.0113
21208,0.0448
21209,0.9264
21210,0.5982
21211,0.9264
21212,0.0113
21213,0.8293
21214,0.1765
21215,0.0637
21216,0.6185
21217,0.1765
21218,0.0113
21219,0.0113
21220,0.2665
21221,0.0113
21222,0.0113
21223,0.0636
21224,0.8293
21225,0.0113
21226,0.4872
21227,0.0113
21228,0.8293
21229,0.9264
21230,0.2665
21231,0.9264
21232,0.2195
21233,0.4872
21234,0.0448
21235,0.2195
21236,0.8293
21237,0.0113
21238,0.0113
21239,0.0113
21240,0.0113
21241,0.4872
21242,0.8293
21243,0.2195
21244,0.0113
21245,0.9264
21246,0.0113
21247,0.0113
21248,0.2195
21249,0.9264
21250,0.0113
21251,0.0113
21252,0.0448
21253,0.0113
21254,0.0113
21255,0.2195
21256,0.0448
21257,0.6185
21258,0.1765
21259,0.0448
21260,0.1765
21261,0.0113
21262,0.0113
21263,0.2665
21264,0.0113
21265,0.0113
21266,0.0113
21267,0.0636
21268,0.9264
21269,0.4872
21270,0.1765
21271,0.2195
21272,0.0637
21273,0.0113
21274,0.0113
21275,0.0636
21276,0.0113
21277,0.0113
21278,0.6185
21279,0.1766
21280,0.1765
21281,0.0113
21282,0.1765
21283,0.2665
21284,0.9264
21285,0.0113
21286,0.3905
21287,0.0113
21288,0.0113
21289,0.0113
21290,0.2195
21291,0.0113
21292,0.9928
21293,0.0113
21294,0.1765
21295,0.5982
21296,0.0113
21297,0.9928
21298,0.2195
21299,0.6185
21300,0.0113
21301,0.9264
21302,0.9264
21303,0.0113
21304,0.0113
21305,0.0636
21306,0.0113
21307,0.0113
21308,0.2195
21309,0.0637
21310,0.0113
21311,0.1766
21312,0.6185
21313,0.0113
21314,0.1765
21315,0.1765
21316,0.1765
21317,0.4872
21318,0.9264
21319,0.0113
21320,0.0113
21321,0.0113
21322,0.0113
21323,0.9264
21324,0.0113
21325,0.0113
21326,0.4872
21327,0.0113
21328,0.0113
21329,0.0636
21330,0.0113
21331,0.0113
21332,0.0637
21333,0.0113
21334,0.8293
21335,0.2195
21336,0.0113
21337,0.2195
21338,0.8293
21339,0.1765
21340,0.0113
21341,0.0113
21342,0.1887
21343,0.0113
21344,0.0113
21345,0.0113
21346,0.0113
21347,0.0637
21348,0.9928
21349,0.0113
21350,0.0448
21351,0.608
21352,0.0113
21353,0.9264
21354,0.0113
21355,0.0113
21356,0.0113
21357,0.0113
21358,0.6185
21359,0.9264
21360,0.1766
21361,0.9928
21362,0.0113
21363,0.1765
21364,0.0113
21365,0.0448
21366,0.0113
21367,0.1766
21368,0.9264
21369,0.0113
21370,0.9264
21371,0.9264
21372,0.0113
21373,0.0113
21374,0.0636
21375,0.0113
21376,0.6185
21377,0.0637
21378,0.9264
21379,0.1887
21380,0.4872
21381,0.0113
21382,0.1766
21383,0.0113
21384,0.0113
21385,0.4872
21386,0.9264
21387,0.2195
21388,0.1765
21389,0.0113
21390,0.0113
21391,0.0113
21392,0.0113
21393,0.0113
21394,0.0448
21395,0.6185
21396,0.1765
21397,0.9264
21398,0.0113
21399,0.1765
21400,0.8293
21401,0.0113
21402,0.0113
21403,0.1887
21404,0.0636
21405,0.0113
21406,0.0113
21407,0.0113
21408,0.0113
21409,0.0113
21410,0.1765
21411,0.1765
21412,0.0636
21413,0.0113
21414,0.0113
21415,0.0113
21416,0.1765
21417,0.0448
21418,0.0113
21419,0.0113
21420,0.0113
21421,0.1765
21422,0.0637
21423,0.0113
21424,0.1765
21425,0.2195
21426,0.1765
21427,0.0113
21428,0.0448
21429,0.6185
21430,0.0113
21431,0.0448
21432,0.5982
21433,0.0113
21434,0.0113
21435,0.0113
21436,0.0448
21437,0.2665
21438,0.0113
21439,0.2665
21440,0.0113
21441,0.0448
21442,0.0113
21443,0.0448
21444,0.0113
21445,0.1765
21446,0.0113
21447,0.0113
21448,0.1765
21449,0.0448
21450,0.2665
21451,0.4872
21452,0.4872
21453,0.1765
21454,0.0113
21455,0.608
21456,0.0637
21457,0.0113
21458,0.1766
21459,0.0448
21460,0.0113
21461,0.0113
21462,0.9264
21463,0.0113
21464,0.0448
21465,0.2195
21466,0.0636
21467,0.8293
21468,0.0113
21469,0.0113
21470,0.1766
21471,0.0636
21472,0.608
21473,0.0113
21474,0.5982
21475,0.0113
21476,0.0113
21477,0.0113
21478,0.0113
21479,0.8293
21480,0.0113
21481,0.0113
21482,0.0113
21483,0.6185
21484,0.0113
21485,0.0636
21486,0.0113
21487,0.0637
21488,0.5982
21489,0.0113
21490,0.0113
21491,0.0113
21492,0.0113
21493,0.1766
21494,0.0448
21495,0.1765
21496,0.0113
21497,0.0113
21498,0.0637
21499,0.6185
21500,0.1765
21501,0.0113
21502,0.1765
21503,0.0636
21504,0.0636
21505,0.4872
21506,0.1766
21507,0.0113
21508,0.8293
21509,0.0113
21510,0.6185
21511,0.4872
21512,0.0113
21513,0.1766
21514,0.0636
21515,0.1766
21516,0.2665
21517,0.1765
21518,0.0113
21519,0.0113
21520,0.0113
21521,0.0113
21522,0.0113
21523,0.0448
21524,0.0113
21525,0.0448
21526,0.6185
21527,0.0113
21528,0.0113
21529,0.0113
21530,0.5982
21531,0.2665
21532,0.6185
21533,0.0113
21534,0.0448
21535,0.1887
21536,0.9264
21537,0.2665
21538,0.0113
21539,0.6185
21540,0.0113
21541,0.0637
21542,0.1765
21543,0.6185
21544,0.0448
21545,0.9264
21546,0.1765
21547,0.0113
21548,0.0113
21549,0.2665
21550,0.9264
21551,0.1765
21552,0.0113
21553,0.0113
21554,0.0113
21555,0.1765
21556,0.1765
21557,0.0113
21558,0.1765
21559,0.6185
21560,0.0113
21561,0.0113
21562,0.0636
21563,0.0113
21564,0.0113
21565,0.0113
21566,0.2665
21567,0.0113
21568,0.4872
21569,0.0113
21570,0.608
21571,0.0448
21572,0.5982
21573,0.0448
21574,0.0113
21575,0.9264
21576,0.4872
21577,0.1766
21578,0.0448
21579,0.0448
21580,0.0113
21581,0.2195
21582,0.0448
21583,0.1766
21584,0.0113
21585,0.1765
21586,0.8293
21587,0.0113
21588,0.8293
21589,0.0448
21590,0.0448
21591,0.0448
21592,0.0636
21593,0.9264
21594,0.0113
21595,0.0113
21596,0.1765
21597,0.0636
21598,0.9264
21599,0.0113
21600,0.4872
21601,0.0636
21602,0.5982
21603,0.6185
21604,0.0113
21605,0.0637
21606,0.0113
21607,0.0113
21608,0.1766
21609,0.1765
21610,0.1766
21611,0.1765
21612,0.0113
21613,0.0636
21614,0.1765
21615,0.0113
21616,0.2665
21617,0.4872
21618,0.0113
21619,0.608
21620,0.0113
21621,0.0113
21622,0.4872
21623,0.2195
21624,0.1766
21625,0.1766
21626,0.2665
21627,0.1766
21628,0.0448
21629,0.0448
21630,0.0113
21631,0.0113
21632,0.6185
21633,0.0637
21634,0.2665
21635,0.0113
21636,0.1765
21637,0.0448
21638,0.0113
21639,0.9928
21640,0.8293
21641,0.2665
21642,0.0636
21643,0.0448
21644,0.0448
21645,0.0113
21646,0.1765
21647,0.0113
21648,0.9928
21649,0.1765
21650,0.0448
21651,0.4872
21652,0.0113
21653,0.2195
21654,0.0113
21655,0.0113
21656,0.0448
21657,0.0637
21658,0.0113
21659,0.0113
21660,0.1766
21661,0.0448
21662,0.2665
21663,0.1766
21664,0.2665
21665,0.0113
21666,0.2665
21667,0.0113
21668,0.0113
21669,0.0113
21670,0.6185
21671,0.0113
21672,0.2665
21673,0.1766
21674,0.0448
21675,0.608
21676,0.0448
21677,0.0113
21678,0.0637
21679,0.0113
21680,0.1765
21681,0.0113
21682,0.0113
21683,0.1887
21684,0.608
21685,0.3905
21686,0.0113
21687,0.0113
21688,0.0113
21689,0.4872
21690,0.6185
21691,0.0448
21692,0.2195
21693,0.0113
21694,0.3905
21695,0.0636
21696,0.0113
21697,0.0448
21698,0.0113
21699,0.0636
21700,0.4872
21701,0.2665
21702,0.1765
21703,0.0113
21704,0.0636
21705,0.1765
21706,0.1765
21707,0.0113
21708,0.0113
21709,0.1766
21710,0.0113
21711,0.0637
21712,0.0448
21713,0.1766
21714,0.3905
21715,0.0113
21716,0.9264
21717,0.0113
21718,0.1765
21719,0.9264
21720,0.2195
21721,0.0448
21722,0.0448
21723,0.0113
21724,0.1766
21725,0.0448
21726,0.3905
21727,0.0113
21728,0.0113
21729,0.0448
21730,0.0113
21731,0.608
21732,0.0113
21733,0.0113
21734,0.5982
21735,0.2195
21736,0.8293
21737,0.0113
21738,0.0636
21739,0.1766
21740,0.9264
21741,0.0113
21742,0.0113
21743,0.6185
21744,0.1766
21745,0.1766
21746,0.1766
21747,0.2195
21748,0.0113
21749,0.0113
21750,0.0113
21751,0.0113
21752,0.2665
21753,0.0637
21754,0.9264
21755,0.0113
21756,0.2665
21757,0.0113
21758,0.608
21759,0.0113
21760,0.2665
21761,0.9264
21762,0.0637
21763,0.0113
21764,0.9264
21765,0.0448
21766,0.9264
21767,0.0448
21768,0.9264
21769,0.2665
21770,0.0448
21771,0.0636
21772,0.0113
21773,0.0113
21774,0.0113
21775,0.1887
21776,0.1766
21777,0.0448
21778,0.0636
21779,0.0113
21780,0.608
21781,0.0113
21782,0.6185
21783,0.0113
21784,0.0113
21785,0.0637
21786,0.1765
21787,0.0113
21788,0.0113
21789,0.2195
21790,0.0113
21791,0.0113
21792,0.2195
21793,0.6185
21794,0.1765
21795,0.0113
21796,0.2195
21797,0.9264
21798,0.1766
21799,0.9928
21800,0.2665
21801,0.0448
21802,0.0113
21803,0.1766
21804,0.1887
21805,0.8293
21806,0.6185
21807,0.0113
21808,0.9928
21809,0.6185
21810,0.0113
21811,0.9264
21812,0.0113
21813,0.0113
21814,0.9264
21815,0.6185
21816,0.9928
21817,0.2195
21818,0.608
21819,0.0113
21820,0.0113
21821,0.1765
21822,0.0448
21823,0.0113
21824,0.0113
21825,0.0113
21826,0.0113
21827,0.8293
21828,0.9928
21829,0.0113
21830,0.0636
21831,0.0637
21832,0.0448
21833,0.1765
21834,0.9264
21835,0.1765
21836,0.8293
21837,0.0448
21838,0.0113
21839,0.1766
21840,0.0113
21841,0.2665
21842,0.4872
21843,0.1887
21844,0.2665
21845,0.0113
21846,0.0113
21847,0.0113
21848,0.0113
21849,0.9928
21850,0.0113
21851,0.1765
21852,0.9264
21853,0.2665
21854,0.0113
21855,0.0113
21856,0.0113
21857,0.0113
21858,0.0637
21859,0.0636
21860,0.2665
21861,0.0113
21862,0.0113
21863,0.0113
21864,0.0113
21865,0.0113
21866,0.608
21867,0.0113
21868,0.0113
21869,0.1765
21870,0.0113
21871,0.0448
21872,0.0113
21873,0.6185
21874,0.0448
21875,0.0113
21876,0.6185
21877,0.1887
21878,0.2665
21879,0.9077
21880,0.0113
21881,0.1765
21882,0.0448
21883,0.0113
21884,0.9264
21885,0.0113
21886,0.0113
21887,0.608
21888,0.2665
21889,0.0113
21890,0.9264
21891,0.0636
21892,0.3905
21893,0.0637
21894,0.9264
21895,0.0448
21896,0.0636
21897,0.0113
21898,0.4872
21899,0.5982
21900,0.0113
21901,0.0113
21902,0.0113
21903,0.0113
21904,0.2665
21905,0.0113
21906,0.1765
21907,0.1887
21908,0.1766
21909,0.9264
21910,0.0636
21911,0.0113
21912,0.0113
21913,0.0113
21914,0.0113
21915,0.0113
21916,0.2665
21917,0.0113
21918,0.0448
21919,0.1765
21920,0.3905
21921,0.1765
21922,0.2665
21923,0.3905
21924,0.0113
21925,0.1765
21926,0.0113
21927,0.0448
21928,0.0636
21929,0.0637
21930,0.0113
21931,0.0448
21932,0.9264
21933,0.0113
21934,0.0637
21935,0.0113
21936,0.9264
21937,0.0113
21938,0.0113
21939,0.0113
21940,0.0113
21941,0.0113
21942,0.2665
21943,0.0113
21944,0.0113
21945,0.0113
21946,0.0113
21947,0.0113
21948,0.0113
21949,0.0113
21950,0.0448
21951,0.0113
21952,0.0113
21953,0.6185
21954,0.2195
21955,0.4872
21956,0.2195
21957,0.0637
21958,0.0113
21959,0.9264
21960,0.0637
21961,0.0113
21962,0.0113
21963,0.4872
21964,0.1765
21965,0.0113
21966,0.2195
21967,0.0113
21968,0.2665
21969,0.0113
21970,0.9928
21971,0.608
21972,0.1765
21973,0.1765
21974,0.608
21975,0.0448
21976,0.0113
21977,0.0113
21978,0.2665
21979,0.0113
21980,0.0113
21981,0.1765
21982,0.3905
21983,0.0448
21984,0.4872
21985,0.9928
21986,0.9928
21987,0.9264
21988,0.0113
21989,0.0637
21990,0.4872
21991,0.0113
21992,0.0113
21993,0.0113
21994,0.0113
21995,0.0448
21996,0.1765
21997,0.0113
21998,0.3905
21999,0.2195
22000,0.0113
22001,0.6185
22002,0.608
22003,0.0113
22004,0.0113
22005,0.1765
22006,0.9264
22007,0.2665
22008,0.2665
22009,0.0113
22010,0.4872
22011,0.9264
22012,0.0113
22013,0.2665
22014,0.0113
22015,0.0636
22016,0.0113
22017,0.0448
22018,0.0448
22019,0.0637
22020,0.1766
22021,0.0448
22022,0.4872
22023,0.1765
22024,0.0113
22025,0.0113
22026,0.9077
22027,0.1766
22028,0.3905
22029,0.0113
22030,0.0113
22031,0.0113
22032,0.1766
22033,0.0448
22034,0.2195
22035,0.1765
22036,0.1765
22037,0.1765
22038,0.0113
22039,0.0448
22040,0.0637
22041,0.1765
22042,0.0113
22043,0.0113
22044,0.0636
22045,0.1887
22046,0.0113
22047,0.2665
22048,0.0448
22049,0.0636
22050,0.0113
22051,0.0113
22052,0.0113
22053,0.0113
22054,0.0636
22055,0.1765
22056,0.4872
22057,0.2195
22058,0.0113
22059,0.6185
22060,0.0113
22061,0.1765
22062,0.0448
22063,0.1765
22064,0.0636
22065,0.0113
22066,0.4872
22067,0.0637
22068,0.0113
22069,0.0113
22070,0.1765
22071,0.0113
22072,0.0448
22073,0.0113
22074,0.4872
22075,0.9928
22076,0.0113
22077,0.0637
22078,0.0637
22079,0.0113
22080,0.2665
22081,0.0113
22082,0.9928
22083,0.608
22084,0.0113
22085,0.9077
22086,0.0113
22087,0.0113
22088,0.0113
22089,0.0113
22090,0.0113
22091,0.0113
22092,0.0113
22093,0.1766
22094,0.1887
22095,0.0113
22096,0.0113
22097,0.6185
22098,0.6185
22099,0.0113
22100,0.0113
22101,0.0113
22102,0.0636
22103,0.6185
22104,0.0113
22105,0.0113
22106,0.0113
22107,0.0448
22108,0.8293
22109,0.2665
22110,0.0113
22111,0.1766
22112,0.0113
22113,0.9264
22114,0.0637
22115,0.4872
22116,0.0113
22117,0.1765
22118,0.0113
22119,0.0113
22120,0.0113
22121,0.2195
22122,0.1765
22123,0.9264
22124,0.0636
22125,0.0448
22126,0.6185
22127,0.8293
22128,0.0637
22129,0.0636
22130,0.0113
22131,0.2665
22132,0.0636
22133,0.0113
22134,0.0636
22135,0.1765
22136,0.0113
22137,0.9264
22138,0.5982
22139,0.2195
22140,0.2195
22141,0.0113
22142,0.1765
22143,0.1765
22144,0.0448
22145,0.9264
22146,0.0113
22147,0.0448
22148,0.0113
22149,0.0113
22150,0.0113
22151,0.3905
22152,0.0113
22153,0.0113
22154,0.0448
22155,0.0113
22156,0.0636
22157,0.0113
22158,0.1766
22159,0.6185
22160,0.0113
22161,0.0113
22162,0.0637
22163,0.0113
22164,0.0448
22165,0.0113
22166,0.0448
22167,0.2195
22168,0.0637
22169,0.1765
22170,0.0113
22171,0.4872
22172,0.0448
22173,0.0113
22174,0.8293
22175,0.0113
22176,0.0113
22177,0.6185
22178,0.0636
22179,0.0113
22180,0.0113
22181,0.0113
22182,0.0113
22183,0.9264
22184,0.1765
22185,0.0448
22186,0.9264
22187,0.9264
22188,0.0113
22189,0.6185
22190,0.0113
22191,0.608
22192,0.2665
22193,0.2195
22194,0.0113
22195,0.0113
22196,0.0448
22197,0.0637
22198,0.1766
22199,0.0113
22200,0.9264
22201,0.2665
22202,0.0113
22203,0.0113
22204,0.0113
22205,0.0637
22206,0.0636
22207,0.6185
22208,0.0113
22209,0.1766
22210,0.0113
22211,0.8293
22212,0.0113
22213,0.0448
22214,0.0113
22215,0.0113
22216,0.6185
22217,0.0113
22218,0.0636
22219,0.0113
22220,0.608
22221,0.0113
22222,0.0113
22223,0.4872
22224,0.0448
22225,0.0113
22226,0.0113
22227,0.0113
22228,0.8293
22229,0.0637
22230,0.8293
22231,0.4872
22232,0.1766
22233,0.0113
22234,0.0448
22235,0.0113
22236,0.1765
22237,0.0113
22238,0.8293
22239,0.0113
22240,0.0113
22241,0.0113
22242,0.0113
22243,0.0113
22244,0.0113
22245,0.0636
22246,0.2195
22247,0.0113
22248,0.0637
22249,0.0448
22250,0.0637
22251,0.0113
22252,0.8293
22253,0.0636
22254,0.0113
22255,0.0113
22256,0.0448
22257,0.1765
22258,0.0448
22259,0.0113
22260,0.0113
22261,0.0113
22262,0.1765
22263,0.9264
22264,0.0113
22265,0.0113
22266,0.0113
22267,0.0113
22268,0.608
22269,0.0113
22270,0.0113
22271,0.0113
22272,0.0448
22273,0.5982
22274,0.0113
22275,0.1766
22276,0.3905
22277,0.9264
22278,0.6185
22279,0.0113
22280,0.608
22281,0.1765
22282,0.6185
22283,0.9264
22284,0.2665
22285,0.0113
22286,0.0113
22287,0.2665
22288,0.1765
22289,0.0113
22290,0.0113
22291,0.0636
22292,0.1766
22293,0.9928
22294,0.0448
22295,0.1765
22296,0.8293
22297,0.8293
22298,0.9264
22299,0.0113
22300,0.0636
22301,0.0113
22302,0.0448
22303,0.9264
22304,0.0448
22305,0.0636
22306,0.0637
22307,0.0113
22308,0.5982
22309,0.1765
22310,0.9264
22311,0.0448
22312,0.9077
22313,0.0113
22314,0.0113
22315,0.0113
22316,0.1766
22317,0.2195
22318,0.9264
22319,0.5982
22320,0.1765
22321,0.0113
22322,0.0637
22323,0.0113
22324,0.0636
22325,0.0636
22326,0.6185
22327,0.1766
22328,0.0113
22329,0.2195
22330,0.5982
22331,0.1766
22332,0.0448
22333,0.0448
22334,0.1765
22335,0.1766
22336,0.2195
22337,0.0113
22338,0.0448
22339,0.0636
22340,0.1765
22341,0.0113
22342,0.0448
22343,0.0113
22344,0.1766
22345,0.0113
22346,0.4872
22347,0.8293
22348,0.9264
22349,0.9264
22350,0.1766
22351,0.1766
22352,0.2665
22353,0.0113
22354,0.0448
22355,0.2665
22356,0.6185
22357,0.0113
22358,0.0636
22359,0.0113
22360,0.4872
22361,0.0113
22362,0.0113
22363,0.6185
22364,0.0113
22365,0.0637
22366,0.0448
22367,0.1766
22368,0.0637
22369,0.0113
22370,0.0113
22371,0.9264
22372,0.6185
22373,0.0448
22374,0.9077
22375,0.4872
22376,0.6185
22377,0.0113
22378,0.5982
22379,0.8293
22380,0.0113
22381,0.9264
22382,0.0636
22383,0.9264
22384,0.0448
22385,0.4872
22386,0.0637
22387,0.9264
22388,0.0113
22389,0.1765
22390,0.0113
22391,0.0113
22392,0.0637
22393,0.608
22394,0.9264
22395,0.0448
22396,0.0448
22397,0.9264
22398,0.0113
22399,0.9264
22400,0.8293
22401,0.4872
22402,0.0448
22403,0.2665
22404,0.0113
22405,0.2195
22406,0.0113
22407,0.0113
22408,0.0113
22409,0.2195
22410,0.2665
22411,0.6185
22412,0.4872
22413,0.0113
22414,0.0448
22415,0.2195
22416,0.0113
22417,0.1765
22418,0.5982
22419,0.0448
22420,0.4872
22421,0.8293
22422,0.5982
22423,0.0113
22424,0.0113
22425,0.8293
22426,0.1765
22427,0.0113
22428,0.1765
22429,0.0448
22430,0.9928
22431,0.0113
22432,0.6185
22433,0.0448
22434,0.0636
22435,0.2665
22436,0.6185
22437,0.0113
22438,0.1765
22439,0.0113
22440,0.0113
22441,0.0113
22442,0.1765
22443,0.0113
22444,0.0113
22445,0.0113
22446,0.0636
22447,0.0113
22448,0.6185
22449,0.0113
22450,0.2195
22451,0.1765
22452,0.3905
22453,0.0113
22454,0.0448
22455,0.0113
22456,0.9264
22457,0.1765
22458,0.0113
22459,0.0448
22460,0.0113
22461,0.0113
22462,0.0636
22463,0.0113
22464,0.6185
22465,0.6185
22466,0.0636
22467,0.0113
22468,0.0113
22469,0.0113
22470,0.4872
22471,0.6185
22472,0.8293
22473,0.0113
22474,0.0113
22475,0.0637
22476,0.0113
22477,0.0113
22478,0.5982
22479,0.0113
22480,0.1765
22481,0.1765
22482,0.0636
22483,0.0113
22484,0.2665
22485,0.0113
22486,0.6185
22487,0.8293
22488,0.9264
22489,0.9928
22490,0.0637
22491,0.0113
22492,0.1765
22493,0.0448
22494,0.1887
22495,0.5982
22496,0.0113
22497,0.0113
22498,0.1766
22499,0.0113
22500,0.0113
22501,0.0113
22502,0.0448
22503,0.0113
22504,0.0637
22505,0.0113
22506,0.9264
22507,0.6185
22508,0.0113
22509,0.8293
22510,0.0636
22511,0.6185
22512,0.0448
22513,0.0113
22514,0.0448
22515,0.4872
22516,0.0113
22517,0.8293
22518,0.0636
22519,0.0113
22520,0.9264
22521,0.0113
22522,0.0636
22523,0.1765
22524,0.1766
22525,0.0637
22526,0.0637
22527,0.9264
22528,0.0448
22529,0.9264
22530,0.2195
22531,0.1765
22532,0.2195
22533,0.0637
22534,0.1765
22535,0.4872
22536,0.1766
22537,0.0113
22538,0.0113
22539,0.2665
22540,0.0113
22541,0.0636
22542,0.0113
22543,0.0448
22544,0.1765
22545,0.0113
22546,0.5982
22547,0.0113
22548,0.3905
22549,0.0113
22550,0.6185
22551,0.4872
22552,0.4872
22553,0.0113
22554,0.5982
22555,0.2665
22556,0.0113
22557,0.0448
22558,0.1765
22559,0.2665
22560,0.1766
22561,0.0637
22562,0.0113
22563,0.0448
22564,0.9264
22565,0.2665
22566,0.3905
22567,0.0113
22568,0.1766
22569,0.0636
22570,0.0113
22571,0.0448
22572,0.0113
22573,0.1765
22574,0.0113
22575,0.1887
22576,0.608
22577,0.1766
22578,0.6185
22579,0.0113
22580,0.3905
22581,0.0113
22582,0.3905
22583,0.2665
22584,0.9264
22585,0.0113
22586,0.0113
22587,0.0113
22588,0.0636
22589,0.0637
22590,0.9264
22591,0.0636
22592,0.0113
22593,0.0113
22594,0.2665
22595,0.3905
22596,0.0637
22597,0.1765
22598,0.608
22599,0.0448
22600,0.0113
22601,0.1765
22602,0.0113
22603,0.9264
22604,0.0113
22605,0.0113
22606,0.0448
22607,0.0448
22608,0.608
22609,0.0113
22610,0.0113
22611,0.0113
22612,0.9264
22613,0.0448
22614,0.8293
22615,0.0113
22616,0.608
22617,0.0113
22618,0.0113
22619,0.9264
22620,0.9264
22621,0.0113
22622,0.0113
22623,0.0637
22624,0.1765
22625,0.0113
22626,0.0448
22627,0.9264
22628,0.1765
22629,0.1766
22630,0.9264
22631,0.0113
22632,0.9264
22633,0.0637
22634,0.608
22635,0.0637
22636,0.2665
22637,0.9264
22638,0.1765
22639,0.0448
22640,0.2195
22641,0.1765
22642,0.0113
22643,0.0113
22644,0.0113
22645,0.0636
22646,0.0113
22647,0.2195
22648,0.0448
22649,0.9264
22650,0.0113
22651,0.0113
22652,0.0113
22653,0.0637
22654,0.2195
22655,0.0636
22656,0.4872
22657,0.0113
22658,0.0113
22659,0.6185
22660,0.0113
22661,0.0637
22662,0.8293
22663,0.1765
22664,0.0113
22665,0.0448
22666,0.0113
22667,0.0637
22668,0.0636
22669,0.0113
22670,0.0113
22671,0.0113
22672,0.0448
22673,0.0113
22674,0.0113
22675,0.2195
22676,0.0113
22677,0.9077
22678,0.0113
22679,0.0113
22680,0.2665
22681,0.0113
22682,0.0113
22683,0.0636
22684,0.0113
22685,0.1766
22686,0.9077
22687,0.0448
22688,0.0113
22689,0.2665
22690,0.0113
22691,0.0448
22692,0.9264
22693,0.2195
22694,0.8293
22695,0.4872
22696,0.1765
22697,0.0448
22698,0.0113
22699,0.0113
22700,0.0113
22701,0.608
22702,0.0113
22703,0.0637
22704,0.0113
22705,0.0113
22706,0.1766
22707,0.0636
22708,0.0113
22709,0.0113
22710,0.8293
22711,0.1766
22712,0.0113
22713,0.608
22714,0.0448
22715,0.1766
22716,0.0113
22717,0.1765
22718,0.0113
22719,0.0636
22720,0.0113
22721,0.0637
22722,0.3905
22723,0.0113
22724,0.2665
22725,0.0448
22726,0.1887
22727,0.0113
22728,0.0448
22729,0.0113
22730,0.0113
22731,0.0636
22732,0.0448
22733,0.6185
22734,0.0113
22735,0.0113
22736,0.0637
22737,0.0448
22738,0.0113
22739,0.0113
22740,0.0113
22741,0.0113
22742,0.0113
22743,0.0113
22744,0.0113
22745,0.0636
22746,0.0637
22747,0.0113
22748,0.5982
22749,0.2665
22750,0.0113
22751,0.0113
22752,0.0113
22753,0.4872
22754,0.1765
22755,0.3905
22756,0.0113
22757,0.0113
22758,0.6185
22759,0.0113
22760,0.0113
22761,0.0448
22762,0.0113
22763,0.8293
22764,0.0113
22765,0.9264
22766,0.1765
22767,0.0637
22768,0.1766
22769,0.0113
22770,0.2195
22771,0.2665
22772,0.0636
22773,0.8293
22774,0.2195
22775,0.0113
22776,0.6185
22777,0.0113
22778,0.2665
22779,0.0113
22780,0.1765
22781,0.2195
22782,0.0113
22783,0.0113
22784,0.0113
22785,0.0113
22786,0.2665
22787,0.1766
22788,0.0113
22789,0.6185
22790,0.1765
22791,0.0113
22792,0.0636
22793,0.0113
22794,0.0113
22795,0.2665
22796,0.2195
22797,0.0113
22798,0.0113
22799,0.1765
22800,0.0448
22801,0.0113
22802,0.0637
22803,0.0113
22804,0.0448
22805,0.0113
22806,0.0113
22807,0.0113
22808,0.0448
22809,0.2195
22810,0.0448
22811,0.0113
22812,0.0113
22813,0.0113
22814,0.9264
22815,0.4872
22816,0.0448
22817,0.0113
22818,0.0448
22819,0.0448
22820,0.0636
22821,0.0113
22822,0.2195
22823,0.0113
22824,0.0113
22825,0.0113
22826,0.5982
22827,0.0637
22828,0.0448
22829,0.0113
22830,0.0113
22831,0.0113
22832,0.0636
22833,0.4872
22834,0.8293
22835,0.9264
22836,0.0637
22837,0.0448
22838,0.2665
22839,0.608
22840,0.5982
22841,0.0113
22842,0.0113
22843,0.0113
22844,0.0448
22845,0.3905
22846,0.8293
22847,0.0113
22848,0.608
22849,0.0113
22850,0.0113
22851,0.4872
22852,0.0113
22853,0.4872
22854,0.0448
22855,0.0448
22856,0.0448
22857,0.8293
22858,0.9264
22859,0.0113
22860,0.0113
22861,0.0113
22862,0.9928
22863,0.0113
22864,0.2665
22865,0.2665
22866,0.1765
22867,0.0113
22868,0.0448
22869,0.8293
22870,0.0113
22871,0.0636
22872,0.0113
22873,0.0113
22874,0.0637
22875,0.2665
22876,0.1766
22877,0.9264
22878,0.0113
22879,0.0637
22880,0.9264
22881,0.1765
22882,0.2195
22883,0.0448
22884,0.0448
22885,0.8293
22886,0.2665
22887,0.0637
22888,0.0448
22889,0.0113
22890,0.0448
22891,0.0113
22892,0.0448
22893,0.2665
22894,0.4872
22895,0.0637
22896,0.6185
22897,0.0636
22898,0.1765
22899,0.8293
22900,0.0113
22901,0.0636
22902,0.0113
22903,0.9264
22904,0.5982
22905,0.1765
22906,0.0448
22907,0.0448
22908,0.0113
22909,0.0637
22910,0.2665
22911,0.0448
22912,0.0448
22913,0.0113
22914,0.0113
22915,0.0448
22916,0.0113
22917,0.0113
22918,0.0113
22919,0.9264
22920,0.0113
22921,0.9264
22922,0.6185
22923,0.1766
22924,0.0113
22925,0.0113
22926,0.0113
22927,0.0113
22928,0.0113
22929,0.0637
22930,0.0637
22931,0.0113
22932,0.0113
22933,0.9264
22934,0.0113
22935,0.0113
22936,0.6185
22937,0.0636
22938,0.0448
22939,0.2665
22940,0.0113
22941,0.9264
22942,0.0113
22943,0.0113
22944,0.0113
22945,0.0448
22946,0.0113
22947,0.2665
22948,0.0113
22949,0.1766
22950,0.0113
22951,0.0113
22952,0.1766
22953,0.8293
22954,0.0113
22955,0.0113
22956,0.3905
22957,0.0113
22958,0.0636
22959,0.0113
22960,0.2665
22961,0.0113
22962,0.3905
22963,0.2665
22964,0.0113
22965,0.0113
22966,0.0637
22967,0.0113
22968,0.9264
22969,0.0113
22970,0.2665
22971,0.0113
22972,0.0113
22973,0.0113
22974,0.1766
22975,0.0636
22976,0.0113
22977,0.0113
22978,0.0113
22979,0.608
22980,0.2195
22981,0.0113
22982,0.3905
22983,0.0448
22984,0.0636
22985,0.0113
22986,0.0113
22987,0.0113
22988,0.1765
22989,0.6185
22990,0.0113
22991,0.0448
22992,0.0448
22993,0.0113
22994,0.0113
22995,0.0113
22996,0.0113
22997,0.0113
22998,0.0113
22999,0.0113
23000,0.0113
23001,0.2195
23002,0.1766
23003,0.0637
23004,0.2195
23005,0.0113
23006,0.0113
23007,0.1766
23008,0.2665
23009,0.9264
23010,0.0113
23011,0.0113
23012,0.1765
23013,0.9264
23014,0.0113
23015,0.2195
23016,0.2665
23017,0.9928
23018,0.1765
23019,0.0113
23020,0.0113
23021,0.9264
23022,0.0113
23023,0.1765
23024,0.8293
23025,0.1765
23026,0.2665
23027,0.0637
23028,0.0448
23029,0.1766
23030,0.1765
23031,0.1766
23032,0.1765
23033,0.0636
23034,0.0113
23035,0.0113
23036,0.2665
23037,0.2195
23038,0.0113
23039,0.1766
23040,0.9264
23041,0.0113
23042,0.0636
23043,0.0448
23044,0.0113
23045,0.9928
23046,0.0448
23047,0.0113
23048,0.0113
23049,0.0636
23050,0.9928
23051,0.0637
23052,0.0448
23053,0.0113
23054,0.0113
23055,0.9264
23056,0.0113
23057,0.6185
23058,0.0637
23059,0.0113
23060,0.0113
23061,0.0448
23062,0.0637
23063,0.1765
23064,0.9264
23065,0.0448
23066,0.6185
23067,0.2195
23068,0.6185
23069,0.0113
23070,0.0113
23071,0.8293
23072,0.1765
23073,0.3905
23074,0.0113
23075,0.0636
23076,0.0113
23077,0.0448
23078,0.0113
23079,0.0448
23080,0.0113
23081,0.0448
23082,0.0113
23083,0.0113
23084,0.5982
23085,0.0636
23086,0.0113
23087,0.608
23088,0.0448
23089,0.1765
23090,0.0113
23091,0.0448
23092,0.0113
23093,0.1765
23094,0.0113
23095,0.0113
23096,0.0637
23097,0.0637
23098,0.1765
23099,0.0636
23100,0.0113
23101,0.9264
23102,0.0113
23103,0.0636
23104,0.0113
23105,0.1765
23106,0.0113
23107,0.0113
23108,0.0113
23109,0.6185
23110,0.0636
23111,0.0113
23112,0.2665
23113,0.0448
23114,0.0113
23115,0.3905
23116,0.0448
23117,0.8293
23118,0.0113
23119,0.0113
23120,0.0113
23121,0.0113
23122,0.0113
23123,0.0448
23124,0.9264
23125,0.0636
23126,0.2195
23127,0.0113
23128,0.0448
23129,0.9264
23130,0.0113
23131,0.0448
23132,0.0113
23133,0.2665
23134,0.6185
23135,0.608
23136,0.0448
23137,0.4872
23138,0.1765
23139,0.0113
23140,0.4872
23141,0.0448
23142,0.8293
23143,0.0113
23144,0.9264
23145,0.0113
23146,0.6185
23147,0.0636
23148,0.0113
23149,0.0113
23150,0.0637
23151,0.0113
23152,0.0113
23153,0.1765
23154,0.608
23155,0.0448
23156,0.0113
23157,0.0113
23158,0.2195
23159,0.0448
23160,0.2195
23161,0.0636
23162,0.9264
23163,0.1766
23164,0.0113
23165,0.0113
23166,0.9928
23167,0.0637
23168,0.608
23169,0.4872
23170,0.0113
23171,0.8293
23172,0.2665
23173,0.0113
23174,0.0636
23175,0.0113
23176,0.2195
23177,0.1766
23178,0.9264
23179,0.0113
23180,0.0113
23181,0.5982
23182,0.1765
23183,0.8293
23184,0.2665
23185,0.0637
23186,0.0113
23187,0.9264
23188,0.0113
23189,0.0637
23190,0.0113
23191,0.0113
23192,0.0636
23193,0.0113
23194,0.0113
23195,0.1765
23196,0.0113
23197,0.1766
23198,0.0113
23199,0.2665
23200,0.9264
23201,0.0113
23202,0.6185
23203,0.1765
23204,0.0113
23205,0.0636
23206,0.9264
23207,0.0637
23208,0.9077
23209,0.0113
23210,0.1766
23211,0.1765
23212,0.2665
23213,0.1766
23214,0.0113
23215,0.0113
23216,0.0448
23217,0.3905
23218,0.4872
23219,0.0113
23220,0.0637
23221,0.0637
23222,0.0113
23223,0.0448
23224,0.608
23225,0.0113
23226,0.0448
23227,0.0113
23228,0.0113
23229,0.0448
23230,0.1766
23231,0.2195
23232,0.0113
23233,0.0113
23234,0.0636
23235,0.6185
23236,0.1765
23237,0.0113
23238,0.0637
23239,0.0113
23240,0.8293
23241,0.0113
23242,0.0113
23243,0.6185
23244,0.0637
23245,0.9264
23246,0.8293
23247,0.1765
23248,0.0113
23249,0.1887
23250,0.8293
23251,0.0113
23252,0.0448
23253,0.2665
23254,0.0113
23255,0.0113
23256,0.0113
23257,0.0113
23258,0.1765
23259,0.2665
23260,0.9264
23261,0.8293
23262,0.0448
23263,0.1766
23264,0.0448
23265,0.0113
23266,0.1887
23267,0.2665
23268,0.608
23269,0.0113
23270,0.608
23271,0.2665
23272,0.0113
23273,0.2195
23274,0.2665
23275,0.0113
23276,0.9928
23277,0.1765
23278,0.0448
23279,0.6185
23280,0.6185
23281,0.2665
23282,0.9928
23283,0.0113
23284,0.6185
23285,0.0113
23286,0.0113
23287,0.1765
23288,0.0113
23289,0.0448
23290,0.0636
23291,0.2665
23292,0.1766
23293,0.0113
23294,0.2195
23295,0.0113
23296,0.2195
23297,0.1765
23298,0.1765
23299,0.0113
23300,0.0113
23301,0.4872
23302,0.8293
23303,0.6185
23304,0.8293
23305,0.4872
23306,0.3905
23307,0.0113
23308,0.6185
23309,0.3905
23310,0.0113
23311,0.8293
23312,0.1765
23313,0.0113
23314,0.2665
23315,0.0113
23316,0.3905
23317,0.2195
23318,0.0113
23319,0.1765
23320,0.4872
23321,0.1765
23322,0.6185
23323,0.0113
23324,0.1766
23325,0.0113
23326,0.0113
23327,0.0113
23328,0.9928
23329,0.1766
23330,0.0113
23331,0.0113
23332,0.1765
23333,0.2665
23334,0.0636
23335,0.1766
23336,0.0113
23337,0.0448
23338,0.608
23339,0.6185
23340,0.1765
23341,0.0637
23342,0.0448
23343,0.0448
23344,0.0113
23345,0.1765
23346,0.6185
23347,0.1766
23348,0.0113
23349,0.0113
23350,0.2195
23351,0.9264
23352,0.0113
23353,0.0113
23354,0.3905
23355,0.4872
23356,0.0113
23357,0.2665
23358,0.9264
23359,0.0113
23360,0.0636
23361,0.0636
23362,0.0636
23363,0.1766
23364,0.2665
23365,0.8293
23366,0.0113
23367,0.0636
23368,0.0448
23369,0.1766
23370,0.1765
23371,0.2665
23372,0.2665
23373,0.0113
23374,0.0448
23375,0.0636
23376,0.9928
23377,0.0113
23378,0.9928
23379,0.4872
23380,0.0113
23381,0.2665
23382,0.0113
23383,0.5982
23384,0.0113
23385,0.1765
23386,0.0448
23387,0.6185
23388,0.608
23389,0.1765
23390,0.9264
23391,0.0113
23392,0.0113
23393,0.0636
23394,0.1765
23395,0.0113
23396,0.1766
23397,0.4872
23398,0.0637
23399,0.0637
23400,0.1766
23401,0.0113
23402,0.0636
23403,0.2195
23404,0.0448
23405,0.6185
23406,0.9264
23407,0.0113
23408,0.0636
23409,0.0636
23410,0.0113
23411,0.2665
23412,0.1765
23413,0.0113
23414,0.0636
23415,0.0113
23416,0.0636
23417,0.0113
23418,0.0113
23419,0.0113
23420,0.0113
23421,0.6185
23422,0.2195
23423,0.0113
23424,0.0636
23425,0.3905
23426,0.0113
23427,0.0113
23428,0.0113
23429,0.0113
23430,0.0448
23431,0.4872
23432,0.0113
23433,0.4872
23434,0.0448
23435,0.0636
23436,0.4872
23437,0.0637
23438,0.1765
23439,0.1766
23440,0.2665
23441,0.0113
23442,0.6185
23443,0.0113
23444,0.1887
23445,0.0113
23446,0.0448
23447,0.0113
23448,0.608
23449,0.2665
23450,0.0113
23451,0.0113
23452,0.0113
23453,0.6185
23454,0.9264
23455,0.0113
23456,0.0113
23457,0.9264
23458,0.1765
23459,0.0448
23460,0.0113
23461,0.1765
23462,0.0113
23463,0.4872
23464,0.0113
23465,0.4872
23466,0.0636
23467,0.0113
23468,0.0448
23469,0.0113
23470,0.0448
23471,0.0113
23472,0.8293
23473,0.8293
23474,0.0637
23475,0.0113
23476,0.9264
23477,0.6185
23478,0.0637
23479,0.2665
23480,0.0113
23481,0.2665
23482,0.0637
23483,0.0113
23484,0.9264
23485,0.0113
23486,0.0113
23487,0.0113
23488,0.0113
23489,0.0113
23490,0.2665
23491,0.0113
23492,0.6185
23493,0.0113
23494,0.1887
23495,0.0637
23496,0.0113
23497,0.8293
23498,0.0636
23499,0.0113
23500,0.0113
23501,0.0113
23502,0.0113
23503,0.0448
23504,0.608
23505,0.0113
23506,0.0636
23507,0.0636
23508,0.0636
23509,0.0448
23510,0.0113
23511,0.2195
23512,0.9264
23513,0.0113
23514,0.9928
23515,0.1765
23516,0.0113
23517,0.0113
23518,0.0113
23519,0.0113
23520,0.2195
23521,0.608
23522,0.0448
23523,0.0448
23524,0.0113
23525,0.608
23526,0.608
23527,0.1765
23528,0.1887
23529,0.0448
23530,0.6185
23531,0.6185
23532,0.0113
23533,0.0448
23534,0.0113
23535,0.0448
23536,0.0113
23537,0.0113
23538,0.6185
23539,0.0113
23540,0.1765
23541,0.0113
23542,0.1765
23543,0.0113
23544,0.0113
23545,0.0637
23546,0.9077
23547,0.0113
23548,0.0636
23549,0.0113
23550,0.6185
23551,0.0113
23552,0.0113
23553,0.6185
23554,0.0113
23555,0.9928
23556,0.0636
23557,0.0448
23558,0.0113
23559,0.0448
23560,0.0113
23561,0.9264
23562,0.0113
23563,0.2665
23564,0.0113
23565,0.1765
23566,0.0448
23567,0.4872
23568,0.1887
23569,0.6185
23570,0.9264
23571,0.9264
23572,0.0113
23573,0.0113
23574,0.0113
23575,0.0113
23576,0.0113
23577,0.0113
23578,0.0113
23579,0.6185
23580,0.2195
23581,0.0448
23582,0.0113
23583,0.0113
23584,0.0113
23585,0.0113
23586,0.0448
23587,0.0113
23588,0.0113
23589,0.1765
23590,0.0113
23591,0.0448
23592,0.0113
23593,0.0113
23594,0.0448
23595,0.9264
23596,0.2195
23597,0.9928
23598,0.1765
23599,0.0113
23600,0.0448
23601,0.0637
23602,0.1765
23603,0.0113
23604,0.0448
23605,0.0113
23606,0.5982
23607,0.5982
23608,0.0113
23609,0.1766
23610,0.0448
23611,0.0113
23612,0.0637
23613,0.1765
23614,0.0113
23615,0.6185
23616,0.1765
23617,0.0113
23618,0.9264
23619,0.0113
23620,0.0113
23621,0.1765
23622,0.0637
23623,0.0113
23624,0.2195
23625,0.9264
23626,0.0113
23627,0.0636
23628,0.0113
23629,0.0113
23630,0.0637
23631,0.9928
23632,0.0113
23633,0.9264
23634,0.0113
23635,0.0448
23636,0.1766
23637,0.0113
23638,0.4872
23639,0.0113
23640,0.0113
23641,0.0113
23642,0.0636
23643,0.1765
23644,0.2665
23645,0.0113
23646,0.2195
23647,0.0113
23648,0.1765
23649,0.1765
23650,0.8293
23651,0.0113
23652,0.0113
23653,0.9264
23654,0.0113
23655,0.4872
23656,0.0448
23657,0.1766
23658,0.4872
23659,0.0113
23660,0.0448
23661,0.0448
23662,0.2665
23663,0.0113
23664,0.9264
23665,0.0113
23666,0.0113
23667,0.2665
23668,0.0113
23669,0.8293
23670,0.0636
23671,0.1766
23672,0.0637
23673,0.0113
23674,0.5982
23675,0.1765
23676,0.0113
23677,0.1766
23678,0.9264
23679,0.1887
23680,0.0113
23681,0.1765
23682,0.0113
23683,0.4872
23684,0.0113
23685,0.3905
23686,0.0448
23687,0.9264
23688,0.0113
23689,0.1766
23690,0.2195
23691,0.3905
23692,0.0113
23693,0.9928
23694,0.9264
23695,0.0113
23696,0.2195
23697,0.0636
23698,0.2195
23699,0.0636
23700,0.2195
23701,0.0113
23702,0.8293
23703,0.0113
23704,0.2195
23705,0.0113
23706,0.0113
23707,0.0637
23708,0.1887
23709,0.0448
23710,0.0113
23711,0.0637
23712,0.0113
23713,0.2195
23714,0.5982
23715,0.9264
23716,0.0113
23717,0.1766
23718,0.0113
23719,0.0636
23720,0.4872
23721,0.0113
23722,0.0113
23723,0.9928
23724,0.0636
23725,0.0113
23726,0.0113
23727,0.1765
23728,0.4872
23729,0.0113
23730,0.9264
23731,0.0637
23732,0.0113
23733,0.0113
23734,0.9264
23735,0.0113
23736,0.0113
23737,0.0113
23738,0.2195
23739,0.0636
23740,0.0113
23741,0.6185
23742,0.1887
23743,0.0113
23744,0.0113
23745,0.9264
23746,0.0113
23747,0.0448
23748,0.9264
23749,0.2195
23750,0.2195
23751,0.0637
23752,0.9264
23753,0.0113
23754,0.0113
23755,0.1765
23756,0.0637
23757,0.2665
23758,0.0113
23759,0.1765
23760,0.0113
23761,0.0113
23762,0.0113
23763,0.9264
23764,0.0113
23765,0.0636
23766,0.0113
23767,0.0113
23768,0.8293
23769,0.2665
23770,0.1765
23771,0.0113
23772,0.2665
23773,0.0113
23774,0.3905
23775,0.6185
23776,0.0113
23777,0.0448
23778,0.9264
23779,0.2665
23780,0.9264
23781,0.0636
23782,0.0637
23783,0.0113
23784,0.0113
23785,0.0113
23786,0.3905
23787,0.1765
23788,0.1765
23789,0.2665
23790,0.6185
23791,0.0113
23792,0.0113
23793,0.0113
23794,0.0113
23795,0.0113
23796,0.0113
23797,0.8293
23798,0.0113
23799,0.6185
23800,0.2665
23801,0.1765
23802,0.2665
23803,0.608
23804,0.0636
23805,0.608
23806,0.6185
23807,0.1765
23808,0.0113
23809,0.6185
23810,0.0113
23811,0.4872
23812,0.9264
23813,0.1765
23814,0.0113
23815,0.0113
23816,0.0448
23817,0.9264
23818,0.0113
23819,0.2665
23820,0.0113
23821,0.0113
23822,0.0113
23823,0.0448
23824,0.0113
23825,0.0448
23826,0.4872
23827,0.1765
23828,0.0113
23829,0.0636
23830,0.0448
23831,0.0636
23832,0.9264
23833,0.0113
23834,0.0113
23835,0.0113
23836,0.0636
23837,0.1766
23838,0.0448
23839,0.0113
23840,0.2665
23841,0.8293
23842,0.2195
23843,0.0113
23844,0.2195
23845,0.4872
23846,0.0113
23847,0.0113
23848,0.0113
23849,0.9264
23850,0.0113
23851,0.2195
23852,0.0113
23853,0.0113
23854,0.6185
23855,0.0637
23856,0.0636
23857,0.1765
23858,0.1765
23859,0.0113
23860,0.0113
23861,0.0636
23862,0.0113
23863,0.0113
23864,0.0113
23865,0.0637
23866,0.0636
23867,0.9264
23868,0.1887
23869,0.0113
23870,0.0113
23871,0.6185
23872,0.1766
23873,0.0113
23874,0.8293
23875,0.0113
23876,0.1766
23877,0.0636
23878,0.9264
23879,0.0637
23880,0.0113
23881,0.9264
23882,0.8293
23883,0.1765
23884,0.0113
23885,0.9264
23886,0.0113
23887,0.0113
23888,0.1765
23889,0.5982
23890,0.0113
23891,0.0113
23892,0.1765
23893,0.0113
23894,0.1765
23895,0.0113
23896,0.4872
23897,0.2665
23898,0.0113
23899,0.0448
23900,0.0113
23901,0.0636
23902,0.0113
23903,0.0113
23904,0.5982
23905,0.0448
23906,0.0636
23907,0.0113
23908,0.0113
23909,0.0113
23910,0.0113
23911,0.0113
23912,0.0637
23913,0.0113
23914,0.0113
23915,0.0113
23916,0.4872
23917,0.0113
23918,0.6185
23919,0.0113
23920,0.4872
23921,0.0113
23922,0.0113
23923,0.8293
23924,0.0113
23925,0.9928
23926,0.0113
23927,0.4872
23928,0.0636
23929,0.5982
23930,0.0636
23931,0.0113
23932,0.0636
23933,0.1766
23934,0.0448
23935,0.0448
23936,0.0113
23937,0.0448
23938,0.0113
23939,0.3905
23940,0.0448
23941,0.9264
23942,0.0636
23943,0.0113
23944,0.1765
23945,0.0637
23946,0.0113
23947,0.0448
23948,0.6185
23949,0.0113
23950,0.0113
23951,0.0113
23952,0.0448
23953,0.0113
23954,0.0637
23955,0.0636
23956,0.0637
23957,0.0113
23958,0.608
23959,0.0113
23960,0.0637
23961,0.2665
23962,0.0113
23963,0.4872
23964,0.0637
23965,0.0636
23966,0.0113
23967,0.0113
23968,0.0113
23969,0.0113
23970,0.8293
23971,0.0113
23972,0.0113
23973,0.0113
23974,0.6185
23975,0.9264
23976,0.0113
23977,0.9264
23978,0.0113
23979,0.1765
23980,0.4872
23981,0.0113
23982,0.0637
23983,0.9264
23984,0.1766
23985,0.0113
23986,0.2195
23987,0.1765
23988,0.0113
23989,0.2665
23990,0.2665
23991,0.8293
23992,0.2665
23993,0.0113
23994,0.4872
23995,0.1765
23996,0.2195
23997,0.0448
23998,0.9264
23999,0.2665
24000,0.0113
24001,0.0113
24002,0.0113
24003,0.0637
24004,0.1765
24005,0.4872
24006,0.1765
24007,0.0113
24008,0.0113
24009,0.0113
24010,0.0113
24011,0.0113
24012,0.0113
24013,0.6185
24014,0.9077
24015,0.5982
24016,0.0113
24017,0.4872
24018,0.0113
24019,0.0113
24020,0.0113
24021,0.0448
24022,0.0636
24023,0.9264
24024,0.4872
24025,0.0113
24026,0.0113
24027,0.0113
24028,0.0113
24029,0.4872
24030,0.0113
24031,0.0113
24032,0.0448
24033,0.0113
24034,0.0637
24035,0.0113
24036,0.0448
24037,0.0113
24038,0.2195
24039,0.8293
24040,0.0113
24041,0.9264
24042,0.5982
24043,0.0637
24044,0.3905
24045,0.9928
24046,0.3905
24047,0.0113
24048,0.1765
24049,0.1765
24050,0.0637
24051,0.0113
24052,0.0113
24053,0.1766
24054,0.0113
24055,0.608
24056,0.0113
24057,0.0637
24058,0.2665
24059,0.9264
24060,0.9264
24061,0.0113
24062,0.0636
24063,0.1766
24064,0.0113
24065,0.0113
24066,0.0636
24067,0.0113
24068,0.0637
24069,0.0113
24070,0.0637
24071,0.0637
24072,0.1765
24073,0.8293
24074,0.0636
24075,0.9264
24076,0.0448
24077,0.4872
24078,0.0113
24079,0.608
24080,0.0637
24081,0.0113
24082,0.8293
24083,0.8293
24084,0.0113
24085,0.3905
24086,0.0113
24087,0.0448
24088,0.0636
24089,0.3905
24090,0.2195
24091,0.1887
24092,0.0113
24093,0.0448
24094,0.1765
24095,0.0113
24096,0.1765
24097,0.1765
24098,0.1765
24099,0.2195
24100,0.0113
24101,0.0636
24102,0.0113
24103,0.9928
24104,0.0448
24105,0.0637
24106,0.0636
24107,0.0113
24108,0.0113
24109,0.9264
24110,0.9264
24111,0.9077
24112,0.1765
24113,0.0113
24114,0.0113
24115,0.0113
24116,0.9264
24117,0.1765
24118,0.0113
24119,0.1765
24120,0.0448
24121,0.1765
24122,0.0113
24123,0.0113
24124,0.2665
24125,0.0113
24126,0.0113
24127,0.0113
24128,0.0113
24129,0.0113
24130,0.1766
24131,0.0448
24132,0.0113
24133,0.0448
24134,0.9264
24135,0.4872
24136,0.0637
24137,0.0113
24138,0.0113
24139,0.0113
24140,0.0113
24141,0.9264
24142,0.0637
24143,0.9928
24144,0.6185
24145,0.0113
24146,0.0637
24147,0.2665
24148,0.0448
24149,0.0113
24150,0.0448
24151,0.1765
24152,0.6185
24153,0.0636
24154,0.1887
24155,0.2195
24156,0.1765
24157,0.0113
24158,0.1887
24159,0.0636
24160,0.2665
24161,0.9264
24162,0.0636
24163,0.0636
24164,0.0448
24165,0.0113
24166,0.0448
24167,0.8293
24168,0.0636
24169,0.0113
24170,0.0113
24171,0.2665
24172,0.0113
24173,0.0113
24174,0.8293
24175,0.2665
24176,0.0113
24177,0.1765
24178,0.9264
24179,0.0448
24180,0.1765
24181,0.2665
24182,0.0113
24183,0.0113
24184,0.4872
24185,0.8293
24186,0.0113
24187,0.0113
24188,0.0113
24189,0.0448
24190,0.1765
24191,0.0113
24192,0.9264
24193,0.0113
24194,0.0113
24195,0.0113
24196,0.0113
24197,0.2195
24198,0.0113
24199,0.608
24200,0.0448
24201,0.0113
24202,0.0448
24203,0.5982
24204,0.0113
24205,0.0448
24206,0.1765
24207,0.1766
24208,0.0113
24209,0.0448
24210,0.0113
24211,0.0448
24212,0.0113
24213,0.1765
24214,0.0113
24215,0.2665
24216,0.2665
24217,0.0113
24218,0.1766
24219,0.2195
24220,0.0113
24221,0.4872
24222,0.2665
24223,0.2665
24224,0.2665
24225,0.1765
24226,0.1765
24227,0.0113
24228,0.0113
24229,0.0637
24230,0.4872
24231,0.0113
24232,0.0113
24233,0.0113
24234,0.0113
24235,0.1765
24236,0.6185
24237,0.1765
24238,0.0448
24239,0.2195
24240,0.0113
24241,0.1887
24242,0.0113
24243,0.1765
24244,0.0636
24245,0.0113
24246,0.0448
24247,0.0448
24248,0.0636
24249,0.0113
24250,0.0113
24251,0.0113
24252,0.0113
24253,0.0448
24254,0.608
24255,0.0113
24256,0.0113
24257,0.0113
24258,0.1765
24259,0.0636
24260,0.0448
24261,0.0637
24262,0.0448
24263,0.3905
24264,0.0113
24265,0.1766
24266,0.0113
24267,0.0636
24268,0.0113
24269,0.0448
24270,0.8293
24271,0.0113
24272,0.0113
24273,0.0113
24274,0.0448
24275,0.8293
24276,0.0637
24277,0.1765
24278,0.0636
24279,0.0113
24280,0.0637
24281,0.0113
24282,0.2665
24283,0.0448
24284,0.0113
24285,0.0113
24286,0.2195
24287,0.6185
24288,0.2195
24289,0.0113
24290,0.0448
24291,0.0113
24292,0.0113
24293,0.0637
24294,0.1765
24295,0.0636
24296,0.0113
24297,0.0113
24298,0.4872
24299,0.2665
24300,0.0113
24301,0.2195
24302,0.0113
24303,0.0113
24304,0.0113
24305,0.0113
24306,0.0113
24307,0.8293
24308,0.6185
24309,0.0448
24310,0.0113
24311,0.0448
24312,0.0113
24313,0.0113
24314,0.0113
24315,0.0113
24316,0.0113
24317,0.4872
24318,0.608
24319,0.6185
24320,0.0113
24321,0.0448
24322,0.0448
24323,0.0448
24324,0.0113
24325,0.9264
24326,0.9928
24327,0.0448
24328,0.0113
24329,0.0113
24330,0.3905
24331,0.0113
24332,0.0113
24333,0.0113
24334,0.1765
24335,0.2665
24336,0.9928
24337,0.1765
24338,0.3905
24339,0.4872
24340,0.0113
24341,0.1765
24342,0.1887
24343,0.0113
24344,0.0113
24345,0.1765
24346,0.0113
24347,0.1765
24348,0.0113
24349,0.8293
24350,0.0636
24351,0.0113
24352,0.1766
24353,0.0113
24354,0.0448
24355,0.0448
24356,0.0113
24357,0.0113
24358,0.0113
24359,0.0448
24360,0.0113
24361,0.1765
24362,0.0113
24363,0.9264
24364,0.1765
24365,0.0113
24366,0.0113
24367,0.0448
24368,0.2195
24369,0.0113
24370,0.0113
24371,0.0448
24372,0.0113
24373,0.9264
24374,0.1765
24375,0.9264
24376,0.2665
24377,0.0113
24378,0.0113
24379,0.3905
24380,0.8293
24381,0.9077
24382,0.0113
24383,0.2665
24384,0.3905
24385,0.0113
24386,0.2665
24387,0.6185
24388,0.0113
24389,0.0113
24390,0.0448
24391,0.3905
24392,0.1765
24393,0.0448
24394,0.0448
24395,0.0113
24396,0.9264
24397,0.0113
24398,0.0113
24399,0.0113
24400,0.0636
24401,0.0113
24402,0.0113
24403,0.9928
24404,0.0113
24405,0.0636
24406,0.0113
24407,0.6185
24408,0.8293
24409,0.0636
24410,0.6185
24411,0.0113
24412,0.0448
24413,0.0113
24414,0.0113
24415,0.0113
24416,0.0113
24417,0.0113
24418,0.608
24419,0.0636
24420,0.0113
24421,0.0113
24422,0.4872
24423,0.0113
24424,0.0113
24425,0.0637
24426,0.6185
24427,0.0113
24428,0.1765
24429,0.4872
24430,0.0637
24431,0.0636
24432,0.0113
24433,0.0113
24434,0.0113
24435,0.1765
24436,0.0448
24437,0.608
24438,0.0113
24439,0.0113
24440,0.0113
24441,0.0113
24442,0.0448
24443,0.6185
24444,0.1765
24445,0.9264
24446,0.1765
24447,0.8293
24448,0.0113
24449,0.1765
24450,0.0113
24451,0.0637
24452,0.9264
24453,0.2665
24454,0.0113
24455,0.0637
24456,0.0448
24457,0.0448
24458,0.0113
24459,0.0448
24460,0.0113
24461,0.0113
24462,0.6185
24463,0.0113
24464,0.2195
24465,0.4872
24466,0.8293
24467,0.0448
24468,0.0113
24469,0.0113
24470,0.0113
24471,0.9077
24472,0.1766
24473,0.6185
24474,0.0448
24475,0.0113
24476,0.0113
24477,0.0637
24478,0.1765
24479,0.0113
24480,0.0113
24481,0.0113
24482,0.6185
24483,0.0636
24484,0.0113
24485,0.0113
24486,0.0113
24487,0.2665
24488,0.2195
24489,0.0636
24490,0.0113
24491,0.608
24492,0.2665
24493,0.0113
24494,0.0448
24495,0.0113
24496,0.0113
24497,0.0636
24498,0.1765
24499,0.0113
24500,0.0113
24501,0.1765
24502,0.0113
24503,0.0113
24504,0.0113
24505,0.0113
24506,0.0637
24507,0.0113
24508,0.0113
24509,0.1766
24510,0.2195
24511,0.2195
24512,0.2195
24513,0.0113
24514,0.6185
24515,0.2665
24516,0.0636
24517,0.0113
24518,0.9264
24519,0.9264
24520,0.0113
24521,0.0448
24522,0.0113
24523,0.6185
24524,0.0637
24525,0.2665
24526,0.0113
24527,0.0113
24528,0.0448
24529,0.0113
24530,0.0113
24531,0.0113
24532,0.9264
24533,0.608
24534,0.4872
24535,0.1765
24536,0.608
24537,0.2665
24538,0.1766
24539,0.1766
24540,0.8293
24541,0.0636
24542,0.2665
24543,0.0637
24544,0.1766
24545,0.0113
24546,0.2665
24547,0.0636
24548,0.9264
24549,0.0448
24550,0.0113
24551,0.0113
24552,0.0113
24553,0.0113
24554,0.0637
24555,0.0113
24556,0.0113
24557,0.0636
24558,0.9264
24559,0.1765
24560,0.8293
24561,0.4872
24562,0.9264
24563,0.0113
24564,0.0113
24565,0.0636
24566,0.0636
24567,0.0113
24568,0.6185
24569,0.0113
24570,0.1766
24571,0.0113
24572,0.2665
24573,0.0113
24574,0.0113
24575,0.0636
24576,0.9264
24577,0.0113
24578,0.0113
24579,0.8293
24580,0.0113
24581,0.9264
24582,0.8293
24583,0.9264
24584,0.9264
24585,0.0113
24586,0.0113
24587,0.3905
24588,0.0636
24589,0.0448
24590,0.2665
24591,0.0113
24592,0.2195
24593,0.0637
24594,0.6185
24595,0.0113
24596,0.9264
24597,0.0113
24598,0.0113
24599,0.0113
24600,0.1766
24601,0.0636
24602,0.0113
24603,0.0113
24604,0.0113
24605,0.0113
24606,0.8293
24607,0.0113
24608,0.0636
24609,0.2665
24610,0.0113
24611,0.0113
24612,0.6185
24613,0.0448
24614,0.0113
24615,0.1765
24616,0.8293
24617,0.0448
24618,0.8293
24619,0.1765
24620,0.1766
24621,0.6185
24622,0.0113
24623,0.1765
24624,0.0113
24625,0.9077
24626,0.4872
24627,0.0113
24628,0.1765
24629,0.0448
24630,0.5982
24631,0.0113
24632,0.0113
24633,0.0113
24634,0.3905
24635,0.2665
24636,0.2665
24637,0.1766
24638,0.0113
24639,0.0448
24640,0.0113
24641,0.9264
24642,0.9077
24643,0.0113
24644,0.2665
24645,0.4872
24646,0.4872
24647,0.2665
24648,0.6185
24649,0.0113
24650,0.0113
24651,0.0448
24652,0.1766
24653,0.2665
24654,0.9264
24655,0.0636
24656,0.0113
24657,0.9264
24658,0.8293
24659,0.0113
24660,0.0113
24661,0.1766
24662,0.6185
24663,0.0113
24664,0.0448
24665,0.0636
24666,0.0113
24667,0.0448
24668,0.6185
24669,0.2195
24670,0.4872
24671,0.9264
24672,0.1765
24673,0.0113
24674,0.1887
24675,0.0113
24676,0.0113
24677,0.8293
24678,0.9264
24679,0.0637
24680,0.9264
24681,0.0113
24682,0.0113
24683,0.1766
24684,0.9264
24685,0.1766
24686,0.0637
24687,0.1765
24688,0.6185
24689,0.6185
24690,0.0113
24691,0.0113
24692,0.9264
24693,0.3905
24694,0.0637
24695,0.0448
24696,0.3905
24697,0.0113
24698,0.0113
24699,0.8293
24700,0.0448
24701,0.0113
24702,0.1765
24703,0.0113
24704,0.0113
24705,0.2665
24706,0.4872
24707,0.6185
24708,0.0113
24709,0.2665
24710,0.0113
24711,0.0637
24712,0.5982
24713,0.1765
24714,0.1765
24715,0.1766
24716,0.6185
24717,0.0637
24718,0.0113
24719,0.1765
24720,0.2665
24721,0.2665
24722,0.0113
24723,0.0113
24724,0.0448
24725,0.3905
24726,0.1765
24727,0.0113
24728,0.6185
24729,0.0113
24730,0.0113
24731,0.0448
24732,0.0448
24733,0.0448
24734,0.1766
24735,0.0113
24736,0.1765
24737,0.0113
24738,0.1765
24739,0.0113
24740,0.1765
24741,0.0636
24742,0.6185
24743,0.0113
24744,0.2665
24745,0.1765
24746,0.0636
24747,0.0637
24748,0.3905
24749,0.0113
24750,0.2195
24751,0.0448
24752,0.0113
24753,0.1766
24754,0.5982
24755,0.0113
24756,0.0113
24757,0.1766
24758,0.0113
24759,0.0113
24760,0.0113
24761,0.0113
24762,0.2195
24763,0.0637
24764,0.0113
24765,0.0113
24766,0.0113
24767,0.0448
24768,0.0636
24769,0.0113
24770,0.0113
24771,0.0113
24772,0.1765
24773,0.0448
24774,0.2665
24775,0.0113
24776,0.2665
24777,0.0636
24778,0.4872
24779,0.0113
24780,0.0113
24781,0.0113
24782,0.8293
24783,0.2195
24784,0.2665
24785,0.1766
24786,0.2665
24787,0.0113
24788,0.6185
24789,0.0636
24790,0.0113
24791,0.1765
24792,0.0113
24793,0.5982
24794,0.0113
24795,0.0113
24796,0.9264
24797,0.0113
24798,0.0113
24799,0.0637
24800,0.0636
24801,0.0113
24802,0.4872
24803,0.0113
24804,0.0113
24805,0.1765
24806,0.0113
24807,0.0636
24808,0.0113
24809,0.2665
24810,0.0113
24811,0.0113
24812,0.0113
24813,0.0448
24814,0.1765
24815,0.0113
24816,0.0113
24817,0.1766
24818,0.0636
24819,0.3905
24820,0.9264
24821,0.0113
24822,0.0637
24823,0.1765
24824,0.2665
24825,0.0113
24826,0.4872
24827,0.0113
24828,0.0636
24829,0.0113
24830,0.1765
24831,0.0113
24832,0.0113
24833,0.1765
24834,0.0448
24835,0.0637
24836,0.0448
24837,0.0113
24838,0.6185
24839,0.2665
24840,0.9264
24841,0.9264
24842,0.0113
24843,0.2665
24844,0.0113
24845,0.0113
24846,0.0113
24847,0.6185
24848,0.0113
24849,0.0113
24850,0.0113
24851,0.4872
24852,0.2665
24853,0.0637
24854,0.0113
24855,0.9264
24856,0.0113
24857,0.0113
24858,0.1765
24859,0.0448
24860,0.2665
24861,0.2195
24862,0.0113
24863,0.4872
24864,0.0113
24865,0.1765
24866,0.9928
24867,0.6185
24868,0.0448
24869,0.0637
24870,0.6185
24871,0.1765
24872,0.0113
24873,0.0113
24874,0.1765
24875,0.0637
24876,0.0448
24877,0.1766
24878,0.0113
24879,0.2665
24880,0.0637
24881,0.1887
24882,0.0636
24883,0.4872
24884,0.1765
24885,0.2665
24886,0.1765
24887,0.0113
24888,0.0113
24889,0.6185
24890,0.0113
24891,0.0636
24892,0.0113
24893,0.4872
24894,0.0448
24895,0.9264
24896,0.9264
24897,0.0113
24898,0.9264
24899,0.0113
24900,0.1766
24901,0.0448
24902,0.3905
24903,0.0113
24904,0.0448
24905,0.6185
24906,0.0448
24907,0.6185
24908,0.6185
24909,0.0113
24910,0.0113
24911,0.0113
24912,0.2195
24913,0.0637
24914,0.0113
24915,0.0637
24916,0.6185
24917,0.0113
24918,0.6185
24919,0.0113
24920,0.2665
24921,0.6185
24922,0.0113
24923,0.1765
24924,0.0113
24925,0.0113
24926,0.0113
24927,0.2195
24928,0.0637
24929,0.0448
24930,0.4872
24931,0.9264
24932,0.0113
24933,0.0637
24934,0.0113
24935,0.0113
24936,0.2195
24937,0.8293
24938,0.9264
24939,0.0448
24940,0.0113
24941,0.1766
24942,0.0113
24943,0.0113
24944,0.0113
24945,0.0113
24946,0.0113
24947,0.0448
24948,0.0113
24949,0.0113
24950,0.0637
24951,0.1766
24952,0.0448
24953,0.0113
24954,0.0448
24955,0.0637
24956,0.0448
24957,0.0113
24958,0.0113
24959,0.1765
24960,0.4872
24961,0.0448
24962,0.0113
24963,0.0113
24964,0.0113
24965,0.0113
24966,0.8293
24967,0.0113
24968,0.0448
24969,0.8293
24970,0.8293
24971,0.0636
24972,0.0637
24973,0.0113
24974,0.0113
24975,0.2195
24976,0.4872
24977,0.0113
24978,0.0113
24979,0.2665
24980,0.0113
24981,0.4872
24982,0.0113
24983,0.0113
24984,0.0113
24985,0.608
24986,0.8293
24987,0.1765
24988,0.0113
24989,0.4872
24990,0.9264
24991,0.2665
24992,0.0113
24993,0.0637
24994,0.9928
24995,0.0113
24996,0.0113
24997,0.0113
24998,0.0448
24999,0.1765
