id,Exited
15000,0.0679
15001,0.0297
15002,0.0409
15003,0.6324
15004,0.0433
15005,0.3726
15006,0.0206
15007,0.0283
15008,0.0234
15009,0.0156
15010,0.064
15011,0.9118
15012,0.0706
15013,0.2142
15014,0.0275
15015,0.0239
15016,0.0778
15017,0.0126
15018,0.5333
15019,0.0143
15020,0.0272
15021,0.0132
15022,0.9657
15023,0.278
15024,0.0152
15025,0.7057
15026,0.7595
15027,0.0538
15028,0.1201
15029,0.5993
15030,0.562
15031,0.586
15032,0.0605
15033,0.1487
15034,0.9081
15035,0.0194
15036,0.0136
15037,0.857
15038,0.0636
15039,0.0258
15040,0.2679
15041,0.0107
15042,0.0147
15043,0.026
15044,0.0049
15045,0.0505
15046,0.2361
15047,0.8617
15048,0.0113
15049,0.4055
15050,0.0183
15051,0.0542
15052,0.0394
15053,0.6922
15054,0.2133
15055,0.0115
15056,0.0118
15057,0.8994
15058,0.7371
15059,0.0741
15060,0.0084
15061,0.0101
15062,0.7599
15063,0.6903
15064,0.0554
15065,0.0463
15066,0.0279
15067,0.9562
15068,0.8447
15069,0.0265
15070,0.7845
15071,0.0149
15072,0.8348
15073,0.6977
15074,0.0158
15075,0.0153
15076,0.0068
15077,0.0393
15078,0.005
15079,0.1778
15080,0.8603
15081,0.1745
15082,0.1525
15083,0.0731
15084,0.0179
15085,0.0297
15086,0.6589
15087,0.0175
15088,0.0144
15089,0.0934
15090,0.0248
15091,0.0146
15092,0.0064
15093,0.0937
15094,0.0145
15095,0.0234
15096,0.4751
15097,0.0102
15098,0.0373
15099,0.1301
15100,0.0113
15101,0.711
15102,0.4641
15103,0.4433
15104,0.2898
15105,0.057
15106,0.0899
15107,0.9762
15108,0.0156
15109,0.0109
15110,0.195
15111,0.0587
15112,0.2274
15113,0.0153
15114,0.0114
15115,0.0139
15116,0.0081
15117,0.9306
15118,0.0605
15119,0.0514
15120,0.0109
15121,0.1706
15122,0.0131
15123,0.041
15124,0.1914
15125,0.0192
15126,0.8347
15127,0.0087
15128,0.0601
15129,0.1531
15130,0.007
15131,0.8627
15132,0.0539
15133,0.1104
15134,0.0148
15135,0.6828
15136,0.5317
15137,0.1346
15138,0.0471
15139,0.0105
15140,0.0161
15141,0.9152
15142,0.0132
15143,0.8643
15144,0.2543
15145,0.0255
15146,0.0342
15147,0.4656
15148,0.034
15149,0.9172
15150,0.06
15151,0.2881
15152,0.889
15153,0.127
15154,0.881
15155,0.2513
15156,0.0111
15157,0.1041
15158,0.3617
15159,0.6075
15160,0.3096
15161,0.0094
15162,0.0065
15163,0.0093
15164,0.0057
15165,0.0668
15166,0.9157
15167,0.1903
15168,0.0854
15169,0.0317
15170,0.3181
15171,0.0142
15172,0.0303
15173,0.9643
15174,0.7901
15175,0.0958
15176,0.0101
15177,0.2685
15178,0.0898
15179,0.0194
15180,0.3074
15181,0.9701
15182,0.3361
15183,0.5032
15184,0.0153
15185,0.4268
15186,0.0865
15187,0.009
15188,0.0457
15189,0.0125
15190,0.1901
15191,0.0168
15192,0.1252
15193,0.0749
15194,0.5693
15195,0.169
15196,0.4267
15197,0.0139
15198,0.6603
15199,0.0948
15200,0.1456
15201,0.0371
15202,0.0092
15203,0.0116
15204,0.0049
15205,0.1823
15206,0.1296
15207,0.0789
15208,0.0141
15209,0.0834
15210,0.0165
15211,0.0524
15212,0.6711
15213,0.0142
15214,0.0409
15215,0.024
15216,0.712
15217,0.0325
15218,0.088
15219,0.0144
15220,0.0549
15221,0.0219
15222,0.1093
15223,0.0192
15224,0.0183
15225,0.3545
15226,0.6833
15227,0.026
15228,0.6135
15229,0.1317
15230,0.918
15231,0.4466
15232,0.0348
15233,0.1005
15234,0.9816
15235,0.0089
15236,0.368
15237,0.0869
15238,0.0107
15239,0.0252
15240,0.1162
15241,0.047
15242,0.3647
15243,0.7312
15244,0.021
15245,0.7581
15246,0.1446
15247,0.141
15248,0.1507
15249,0.0295
15250,0.0274
15251,0.0225
15252,0.3223
15253,0.1855
15254,0.0138
15255,0.0112
15256,0.0105
15257,0.0418
15258,0.8205
15259,0.0476
15260,0.0065
15261,0.9753
15262,0.0264
15263,0.895
15264,0.2412
15265,0.3371
15266,0.056
15267,0.1115
15268,0.0109
15269,0.0494
15270,0.0713
15271,0.0214
15272,0.0611
15273,0.045
15274,0.9697
15275,0.9258
15276,0.1019
15277,0.0296
15278,0.0079
15279,0.0471
15280,0.8953
15281,0.0174
15282,0.2609
15283,0.6295
15284,0.0107
15285,0.9045
15286,0.0076
15287,0.0104
15288,0.0123
15289,0.0378
15290,0.0242
15291,0.0098
15292,0.1459
15293,0.9582
15294,0.027
15295,0.0862
15296,0.0361
15297,0.0214
15298,0.0065
15299,0.0065
15300,0.0425
15301,0.2977
15302,0.2699
15303,0.0096
15304,0.0224
15305,0.1635
15306,0.0339
15307,0.6199
15308,0.0062
15309,0.9577
15310,0.7063
15311,0.2553
15312,0.0205
15313,0.0165
15314,0.0108
15315,0.0121
15316,0.1533
15317,0.0232
15318,0.5032
15319,0.0067
15320,0.0481
15321,0.0294
15322,0.0426
15323,0.0215
15324,0.8719
15325,0.0068
15326,0.0496
15327,0.5149
15328,0.0629
15329,0.0111
15330,0.028
15331,0.0328
15332,0.0383
15333,0.0258
15334,0.25
15335,0.013
15336,0.0877
15337,0.0202
15338,0.1428
15339,0.0193
15340,0.0117
15341,0.0069
15342,0.927
15343,0.073
15344,0.0617
15345,0.2939
15346,0.9022
15347,0.0641
15348,0.0519
15349,0.0191
15350,0.0211
15351,0.0299
15352,0.0459
15353,0.6516
15354,0.0196
15355,0.0654
15356,0.6369
15357,0.0085
15358,0.0186
15359,0.0062
15360,0.0234
15361,0.0081
15362,0.0134
15363,0.0247
15364,0.0955
15365,0.5537
15366,0.4043
15367,0.7982
15368,0.0342
15369,0.0239
15370,0.5469
15371,0.0154
15372,0.0221
15373,0.1809
15374,0.3146
15375,0.073
15376,0.3307
15377,0.7924
15378,0.0679
15379,0.817
15380,0.6361
15381,0.0146
15382,0.0131
15383,0.0331
15384,0.6218
15385,0.1594
15386,0.1101
15387,0.0464
15388,0.0096
15389,0.0429
15390,0.2113
15391,0.1368
15392,0.0045
15393,0.0119
15394,0.0133
15395,0.0126
15396,0.1095
15397,0.0113
15398,0.0119
15399,0.0269
15400,0.6271
15401,0.0681
15402,0.0109
15403,0.0324
15404,0.0505
15405,0.0472
15406,0.244
15407,0.0318
15408,0.047
15409,0.7001
15410,0.538
15411,0.0082
15412,0.0409
15413,0.7439
15414,0.963
15415,0.0134
15416,0.0112
15417,0.3874
15418,0.0473
15419,0.3242
15420,0.0457
15421,0.0309
15422,0.1759
15423,0.3751
15424,0.019
15425,0.9028
15426,0.7276
15427,0.08
15428,0.0694
15429,0.0522
15430,0.0184
15431,0.0161
15432,0.077
15433,0.0083
15434,0.011
15435,0.0271
15436,0.0369
15437,0.1374
15438,0.0154
15439,0.0845
15440,0.0569
15441,0.8969
15442,0.7386
15443,0.4704
15444,0.0119
15445,0.0127
15446,0.0598
15447,0.009
15448,0.9154
15449,0.0383
15450,0.0374
15451,0.0261
15452,0.4686
15453,0.0685
15454,0.1968
15455,0.9336
15456,0.0582
15457,0.0263
15458,0.0639
15459,0.6543
15460,0.2241
15461,0.0744
15462,0.0394
15463,0.0143
15464,0.8929
15465,0.4228
15466,0.0235
15467,0.8961
15468,0.009
15469,0.0417
15470,0.0085
15471,0.0175
15472,0.0621
15473,0.0487
15474,0.1058
15475,0.4673
15476,0.4298
15477,0.0239
15478,0.0247
15479,0.0431
15480,0.7604
15481,0.9504
15482,0.0597
15483,0.9739
15484,0.0121
15485,0.5714
15486,0.0122
15487,0.9446
15488,0.0098
15489,0.1552
15490,0.8748
15491,0.4213
15492,0.9306
15493,0.1093
15494,0.1198
15495,0.6684
15496,0.0487
15497,0.008
15498,0.9536
15499,0.3698
15500,0.0091
15501,0.0065
15502,0.0737
15503,0.9645
15504,0.075
15505,0.0315
15506,0.1743
15507,0.0054
15508,0.3943
15509,0.0431
15510,0.1477
15511,0.0334
15512,0.0109
15513,0.0666
15514,0.0558
15515,0.0092
15516,0.1252
15517,0.297
15518,0.0185
15519,0.0253
15520,0.1122
15521,0.0768
15522,0.13
15523,0.0259
15524,0.1281
15525,0.0099
15526,0.0161
15527,0.0173
15528,0.0315
15529,0.0406
15530,0.0084
15531,0.0442
15532,0.04
15533,0.0756
15534,0.0207
15535,0.0992
15536,0.3148
15537,0.0189
15538,0.0564
15539,0.0238
15540,0.0383
15541,0.0179
15542,0.0125
15543,0.0185
15544,0.0146
15545,0.0556
15546,0.4753
15547,0.129
15548,0.0115
15549,0.7306
15550,0.0093
15551,0.0226
15552,0.0753
15553,0.0239
15554,0.2469
15555,0.0132
15556,0.0209
15557,0.017
15558,0.0466
15559,0.0528
15560,0.0258
15561,0.0203
15562,0.011
15563,0.0178
15564,0.062
15565,0.0738
15566,0.0323
15567,0.0125
15568,0.0109
15569,0.0219
15570,0.1559
15571,0.6961
15572,0.9626
15573,0.0739
15574,0.0467
15575,0.0521
15576,0.0559
15577,0.6925
15578,0.6673
15579,0.4066
15580,0.018
15581,0.0901
15582,0.0415
15583,0.0232
15584,0.0325
15585,0.9023
15586,0.0455
15587,0.0129
15588,0.0727
15589,0.0224
15590,0.03
15591,0.0208
15592,0.0928
15593,0.9452
15594,0.8205
15595,0.0168
15596,0.7769
15597,0.8125
15598,0.446
15599,0.1131
15600,0.7584
15601,0.5869
15602,0.0181
15603,0.008
15604,0.2847
15605,0.0933
15606,0.0122
15607,0.038
15608,0.0203
15609,0.0174
15610,0.6399
15611,0.0097
15612,0.1531
15613,0.2716
15614,0.0454
15615,0.1509
15616,0.0114
15617,0.9209
15618,0.2402
15619,0.0093
15620,0.0965
15621,0.0115
15622,0.0166
15623,0.063
15624,0.0192
15625,0.9741
15626,0.0217
15627,0.3116
15628,0.018
15629,0.0482
15630,0.0233
15631,0.1949
15632,0.0078
15633,0.009
15634,0.0748
15635,0.3422
15636,0.0321
15637,0.0993
15638,0.0271
15639,0.2225
15640,0.3354
15641,0.2408
15642,0.215
15643,0.0133
15644,0.1934
15645,0.0451
15646,0.0464
15647,0.0219
15648,0.1371
15649,0.0768
15650,0.0312
15651,0.0113
15652,0.0137
15653,0.5909
15654,0.0764
15655,0.8191
15656,0.3215
15657,0.8411
15658,0.0217
15659,0.0193
15660,0.0187
15661,0.1381
15662,0.0399
15663,0.0208
15664,0.0526
15665,0.1626
15666,0.032
15667,0.0392
15668,0.0277
15669,0.1573
15670,0.6451
15671,0.0726
15672,0.0091
15673,0.099
15674,0.1803
15675,0.6979
15676,0.0232
15677,0.7054
15678,0.0777
15679,0.012
15680,0.0608
15681,0.0107
15682,0.011
15683,0.0218
15684,0.0167
15685,0.014
15686,0.808
15687,0.0447
15688,0.601
15689,0.1306
15690,0.0898
15691,0.0221
15692,0.0707
15693,0.0901
15694,0.0089
15695,0.015
15696,0.0176
15697,0.0106
15698,0.1158
15699,0.0084
15700,0.0107
15701,0.199
15702,0.0269
15703,0.152
15704,0.0069
15705,0.9482
15706,0.0841
15707,0.0477
15708,0.739
15709,0.009
15710,0.8011
15711,0.254
15712,0.0102
15713,0.0171
15714,0.0147
15715,0.8553
15716,0.0585
15717,0.0219
15718,0.079
15719,0.9219
15720,0.4347
15721,0.1088
15722,0.0076
15723,0.015
15724,0.0375
15725,0.0226
15726,0.0218
15727,0.0162
15728,0.0138
15729,0.8682
15730,0.0677
15731,0.01
15732,0.9684
15733,0.5328
15734,0.0275
15735,0.53
15736,0.0336
15737,0.4886
15738,0.037
15739,0.01
15740,0.0229
15741,0.0667
15742,0.7454
15743,0.6468
15744,0.0143
15745,0.0109
15746,0.0678
15747,0.5055
15748,0.2301
15749,0.0114
15750,0.0327
15751,0.0077
15752,0.4512
15753,0.0234
15754,0.0113
15755,0.1007
15756,0.0074
15757,0.0132
15758,0.2667
15759,0.105
15760,0.0805
15761,0.0745
15762,0.6344
15763,0.8907
15764,0.0127
15765,0.0615
15766,0.0309
15767,0.0144
15768,0.0268
15769,0.0141
15770,0.1709
15771,0.0802
15772,0.0172
15773,0.0306
15774,0.0359
15775,0.0327
15776,0.162
15777,0.6326
15778,0.958
15779,0.2036
15780,0.7175
15781,0.0283
15782,0.0378
15783,0.0295
15784,0.0364
15785,0.0347
15786,0.0212
15787,0.0093
15788,0.5936
15789,0.6622
15790,0.0231
15791,0.012
15792,0.9215
15793,0.0121
15794,0.0255
15795,0.1664
15796,0.0117
15797,0.2107
15798,0.9484
15799,0.0126
15800,0.3066
15801,0.6833
15802,0.6291
15803,0.2143
15804,0.0216
15805,0.1421
15806,0.0296
15807,0.6618
15808,0.1932
15809,0.0404
15810,0.7919
15811,0.1551
15812,0.2384
15813,0.0105
15814,0.0278
15815,0.0373
15816,0.2246
15817,0.0375
15818,0.0432
15819,0.0191
15820,0.0279
15821,0.7817
15822,0.1089
15823,0.1767
15824,0.0141
15825,0.0076
15826,0.0431
15827,0.0532
15828,0.0175
15829,0.1378
15830,0.9323
15831,0.0713
15832,0.0267
15833,0.3936
15834,0.0725
15835,0.0117
15836,0.0069
15837,0.4395
15838,0.0077
15839,0.0086
15840,0.0108
15841,0.0266
15842,0.1151
15843,0.1012
15844,0.0564
15845,0.638
15846,0.6521
15847,0.0166
15848,0.0404
15849,0.0926
15850,0.0041
15851,0.0278
15852,0.0248
15853,0.0373
15854,0.0174
15855,0.1238
15856,0.1584
15857,0.0776
15858,0.0209
15859,0.7791
15860,0.012
15861,0.33
15862,0.0763
15863,0.0203
15864,0.9849
15865,0.2454
15866,0.0196
15867,0.1303
15868,0.0095
15869,0.0186
15870,0.007
15871,0.0111
15872,0.065
15873,0.2353
15874,0.0082
15875,0.0466
15876,0.0103
15877,0.0108
15878,0.2508
15879,0.7453
15880,0.0168
15881,0.0478
15882,0.0295
15883,0.0484
15884,0.1411
15885,0.0148
15886,0.465
15887,0.0215
15888,0.1858
15889,0.0517
15890,0.0245
15891,0.9403
15892,0.0226
15893,0.2315
15894,0.0102
15895,0.0249
15896,0.1504
15897,0.8142
15898,0.0615
15899,0.0164
15900,0.4264
15901,0.4652
15902,0.0141
15903,0.5567
15904,0.0082
15905,0.0517
15906,0.0503
15907,0.2069
15908,0.0848
15909,0.0812
15910,0.0503
15911,0.2737
15912,0.0229
15913,0.0141
15914,0.2118
15915,0.0533
15916,0.0341
15917,0.0208
15918,0.0259
15919,0.1717
15920,0.1417
15921,0.1683
15922,0.0191
15923,0.0221
15924,0.8131
15925,0.036
15926,0.0226
15927,0.8305
15928,0.0998
15929,0.7531
15930,0.91
15931,0.2146
15932,0.0548
15933,0.7094
15934,0.0084
15935,0.0095
15936,0.0244
15937,0.015
15938,0.1165
15939,0.0287
15940,0.1498
15941,0.1701
15942,0.0166
15943,0.0604
15944,0.0067
15945,0.0082
15946,0.0412
15947,0.0124
15948,0.4962
15949,0.9119
15950,0.0072
15951,0.05
15952,0.966
15953,0.2344
15954,0.0302
15955,0.0284
15956,0.0169
15957,0.0798
15958,0.9331
15959,0.1417
15960,0.0146
15961,0.8122
15962,0.0256
15963,0.0082
15964,0.1923
15965,0.1669
15966,0.9584
15967,0.0346
15968,0.1459
15969,0.0082
15970,0.069
15971,0.0447
15972,0.9794
15973,0.0186
15974,0.0617
15975,0.214
15976,0.0247
15977,0.0247
15978,0.1656
15979,0.0326
15980,0.0131
15981,0.0121
15982,0.0129
15983,0.04
15984,0.0133
15985,0.0586
15986,0.2593
15987,0.0233
15988,0.0209
15989,0.1058
15990,0.711
15991,0.0054
15992,0.9419
15993,0.1052
15994,0.0101
15995,0.0841
15996,0.7687
15997,0.1025
15998,0.0223
15999,0.0172
16000,0.5433
16001,0.0192
16002,0.0156
16003,0.0076
16004,0.0777
16005,0.2843
16006,0.0259
16007,0.1416
16008,0.0198
16009,0.7516
16010,0.0105
16011,0.8036
16012,0.0147
16013,0.0114
16014,0.0191
16015,0.2396
16016,0.8424
16017,0.1788
16018,0.1614
16019,0.0537
16020,0.0352
16021,0.0252
16022,0.0199
16023,0.0472
16024,0.0458
16025,0.0171
16026,0.8775
16027,0.011
16028,0.0213
16029,0.019
16030,0.0303
16031,0.1323
16032,0.3636
16033,0.1033
16034,0.6951
16035,0.0286
16036,0.1412
16037,0.1061
16038,0.4584
16039,0.109
16040,0.0711
16041,0.9735
16042,0.0982
16043,0.0139
16044,0.0104
16045,0.9344
16046,0.423
16047,0.213
16048,0.0559
16049,0.074
16050,0.0296
16051,0.0156
16052,0.0406
16053,0.009
16054,0.2572
16055,0.0524
16056,0.2074
16057,0.8261
16058,0.5731
16059,0.1962
16060,0.8419
16061,0.0248
16062,0.0153
16063,0.0082
16064,0.0098
16065,0.0302
16066,0.0197
16067,0.0108
16068,0.2387
16069,0.0299
16070,0.7296
16071,0.0072
16072,0.0299
16073,0.3614
16074,0.0157
16075,0.1591
16076,0.41
16077,0.4865
16078,0.8066
16079,0.4783
16080,0.0257
16081,0.0256
16082,0.1899
16083,0.1123
16084,0.0102
16085,0.0154
16086,0.5787
16087,0.0164
16088,0.0095
16089,0.0087
16090,0.9653
16091,0.1743
16092,0.0435
16093,0.1814
16094,0.3673
16095,0.3123
16096,0.0211
16097,0.4233
16098,0.2082
16099,0.2799
16100,0.0065
16101,0.0263
16102,0.0494
16103,0.0894
16104,0.0078
16105,0.8805
16106,0.0819
16107,0.0257
16108,0.9292
16109,0.1738
16110,0.0151
16111,0.5242
16112,0.0394
16113,0.1309
16114,0.0152
16115,0.9286
16116,0.0093
16117,0.0135
16118,0.0116
16119,0.6802
16120,0.0084
16121,0.0113
16122,0.0259
16123,0.0083
16124,0.0297
16125,0.0123
16126,0.0609
16127,0.0543
16128,0.0809
16129,0.067
16130,0.855
16131,0.0207
16132,0.6484
16133,0.9783
16134,0.3382
16135,0.0427
16136,0.0259
16137,0.0697
16138,0.0071
16139,0.0098
16140,0.0095
16141,0.2344
16142,0.019
16143,0.0212
16144,0.0057
16145,0.0582
16146,0.0303
16147,0.1887
16148,0.3905
16149,0.8684
16150,0.0769
16151,0.0879
16152,0.6816
16153,0.458
16154,0.0117
16155,0.2134
16156,0.0096
16157,0.1999
16158,0.1696
16159,0.2749
16160,0.3267
16161,0.3406
16162,0.0156
16163,0.0136
16164,0.74
16165,0.0584
16166,0.0118
16167,0.5486
16168,0.031
16169,0.0831
16170,0.0348
16171,0.2199
16172,0.0466
16173,0.7004
16174,0.0621
16175,0.0175
16176,0.0155
16177,0.5103
16178,0.0186
16179,0.2333
16180,0.0091
16181,0.0117
16182,0.0579
16183,0.0118
16184,0.0162
16185,0.041
16186,0.6648
16187,0.0443
16188,0.0556
16189,0.1247
16190,0.0095
16191,0.6203
16192,0.9427
16193,0.4808
16194,0.9559
16195,0.2609
16196,0.1112
16197,0.042
16198,0.0445
16199,0.0384
16200,0.0491
16201,0.0621
16202,0.1526
16203,0.5466
16204,0.0262
16205,0.5622
16206,0.0276
16207,0.0734
16208,0.207
16209,0.1803
16210,0.1826
16211,0.4501
16212,0.1833
16213,0.0996
16214,0.3016
16215,0.0256
16216,0.0886
16217,0.6497
16218,0.0519
16219,0.037
16220,0.0214
16221,0.118
16222,0.2424
16223,0.948
16224,0.0073
16225,0.0687
16226,0.0758
16227,0.0124
16228,0.0519
16229,0.212
16230,0.0266
16231,0.5565
16232,0.6754
16233,0.5204
16234,0.9077
16235,0.0207
16236,0.0645
16237,0.6768
16238,0.3315
16239,0.0194
16240,0.2158
16241,0.0433
16242,0.0125
16243,0.1061
16244,0.4073
16245,0.5328
16246,0.0267
16247,0.0072
16248,0.9106
16249,0.0962
16250,0.7467
16251,0.8575
16252,0.0101
16253,0.0153
16254,0.0102
16255,0.0587
16256,0.0545
16257,0.0308
16258,0.0332
16259,0.0691
16260,0.0095
16261,0.0767
16262,0.027
16263,0.0571
16264,0.0111
16265,0.0176
16266,0.8257
16267,0.0132
16268,0.0605
16269,0.0537
16270,0.1864
16271,0.0121
16272,0.153
16273,0.0439
16274,0.1019
16275,0.0366
16276,0.1107
16277,0.9318
16278,0.0257
16279,0.209
16280,0.0103
16281,0.6699
16282,0.0338
16283,0.0107
16284,0.2079
16285,0.0991
16286,0.0278
16287,0.03
16288,0.3557
16289,0.0309
16290,0.0074
16291,0.0102
16292,0.7828
16293,0.8715
16294,0.0448
16295,0.1263
16296,0.0469
16297,0.7564
16298,0.0689
16299,0.7462
16300,0.0584
16301,0.3084
16302,0.5396
16303,0.0451
16304,0.01
16305,0.1445
16306,0.2019
16307,0.8616
16308,0.0088
16309,0.98
16310,0.1254
16311,0.0375
16312,0.806
16313,0.9609
16314,0.0065
16315,0.7356
16316,0.8768
16317,0.0162
16318,0.0159
16319,0.4196
16320,0.5006
16321,0.0123
16322,0.1427
16323,0.0095
16324,0.0087
16325,0.1065
16326,0.1093
16327,0.023
16328,0.8164
16329,0.0635
16330,0.0639
16331,0.0071
16332,0.0852
16333,0.0089
16334,0.0271
16335,0.0562
16336,0.1588
16337,0.0088
16338,0.0175
16339,0.0155
16340,0.0214
16341,0.5642
16342,0.0179
16343,0.204
16344,0.0187
16345,0.0145
16346,0.9259
16347,0.0314
16348,0.0158
16349,0.3963
16350,0.0262
16351,0.0785
16352,0.0109
16353,0.0142
16354,0.0781
16355,0.8101
16356,0.9519
16357,0.9142
16358,0.0166
16359,0.0684
16360,0.0115
16361,0.775
16362,0.0498
16363,0.0086
16364,0.0184
16365,0.4653
16366,0.709
16367,0.0303
16368,0.888
16369,0.1402
16370,0.2736
16371,0.0381
16372,0.011
16373,0.1006
16374,0.1086
16375,0.0136
16376,0.2027
16377,0.3711
16378,0.0105
16379,0.7296
16380,0.385
16381,0.1524
16382,0.0216
16383,0.0071
16384,0.0491
16385,0.069
16386,0.699
16387,0.011
16388,0.0144
16389,0.9494
16390,0.2489
16391,0.2282
16392,0.0132
16393,0.0065
16394,0.0097
16395,0.0348
16396,0.3657
16397,0.0569
16398,0.7399
16399,0.01
16400,0.1008
16401,0.0193
16402,0.8506
16403,0.0091
16404,0.0081
16405,0.0288
16406,0.593
16407,0.8698
16408,0.4379
16409,0.239
16410,0.0484
16411,0.0107
16412,0.9677
16413,0.9669
16414,0.0396
16415,0.0141
16416,0.0098
16417,0.0548
16418,0.0122
16419,0.0291
16420,0.2763
16421,0.021
16422,0.021
16423,0.5551
16424,0.0086
16425,0.0967
16426,0.0491
16427,0.0088
16428,0.028
16429,0.9096
16430,0.0092
16431,0.0379
16432,0.185
16433,0.2232
16434,0.435
16435,0.0099
16436,0.0086
16437,0.0096
16438,0.045
16439,0.0635
16440,0.0085
16441,0.0161
16442,0.1074
16443,0.0563
16444,0.1799
16445,0.065
16446,0.0579
16447,0.1481
16448,0.0471
16449,0.01
16450,0.0145
16451,0.0202
16452,0.7694
16453,0.0701
16454,0.2433
16455,0.0855
16456,0.0266
16457,0.3373
16458,0.0608
16459,0.0083
16460,0.022
16461,0.0346
16462,0.0133
16463,0.8618
16464,0.013
16465,0.0167
16466,0.0914
16467,0.018
16468,0.3294
16469,0.011
16470,0.0316
16471,0.6072
16472,0.0224
16473,0.0497
16474,0.0095
16475,0.898
16476,0.895
16477,0.014
16478,0.0139
16479,0.0102
16480,0.0181
16481,0.014
16482,0.0059
16483,0.7034
16484,0.102
16485,0.0323
16486,0.0169
16487,0.0338
16488,0.0131
16489,0.9137
16490,0.083
16491,0.0132
16492,0.5269
16493,0.0407
16494,0.5203
16495,0.1222
16496,0.021
16497,0.0467
16498,0.1425
16499,0.0358
16500,0.0337
16501,0.0138
16502,0.2489
16503,0.0203
16504,0.0237
16505,0.0155
16506,0.0636
16507,0.0157
16508,0.1552
16509,0.0589
16510,0.9448
16511,0.0673
16512,0.0172
16513,0.0154
16514,0.0943
16515,0.0326
16516,0.0088
16517,0.3258
16518,0.0953
16519,0.0094
16520,0.0287
16521,0.0166
16522,0.033
16523,0.6211
16524,0.0761
16525,0.3387
16526,0.0325
16527,0.0074
16528,0.8432
16529,0.2156
16530,0.0146
16531,0.0065
16532,0.7963
16533,0.0103
16534,0.056
16535,0.033
16536,0.0371
16537,0.0095
16538,0.0302
16539,0.3587
16540,0.3079
16541,0.0145
16542,0.0334
16543,0.3222
16544,0.3993
16545,0.1569
16546,0.0146
16547,0.2289
16548,0.7306
16549,0.0184
16550,0.1033
16551,0.0219
16552,0.0326
16553,0.0215
16554,0.0355
16555,0.0407
16556,0.2318
16557,0.9012
16558,0.0356
16559,0.0435
16560,0.0558
16561,0.0591
16562,0.0474
16563,0.0384
16564,0.2003
16565,0.9583
16566,0.3639
16567,0.3436
16568,0.5214
16569,0.0218
16570,0.1903
16571,0.0909
16572,0.0131
16573,0.0048
16574,0.7075
16575,0.0081
16576,0.0488
16577,0.0254
16578,0.0094
16579,0.0325
16580,0.0093
16581,0.0183
16582,0.4286
16583,0.0131
16584,0.0088
16585,0.0111
16586,0.7882
16587,0.1719
16588,0.878
16589,0.0092
16590,0.7797
16591,0.0276
16592,0.9563
16593,0.1099
16594,0.7818
16595,0.0492
16596,0.0156
16597,0.6605
16598,0.6383
16599,0.0234
16600,0.6083
16601,0.0084
16602,0.386
16603,0.0079
16604,0.077
16605,0.0326
16606,0.047
16607,0.0865
16608,0.8794
16609,0.8308
16610,0.4371
16611,0.0218
16612,0.0103
16613,0.0121
16614,0.5369
16615,0.0183
16616,0.0616
16617,0.0241
16618,0.0164
16619,0.0801
16620,0.0242
16621,0.7243
16622,0.6514
16623,0.0887
16624,0.4881
16625,0.0468
16626,0.0087
16627,0.0594
16628,0.0171
16629,0.0345
16630,0.0582
16631,0.8532
16632,0.0621
16633,0.4943
16634,0.0118
16635,0.8775
16636,0.0388
16637,0.0145
16638,0.1203
16639,0.0315
16640,0.4906
16641,0.0155
16642,0.0166
16643,0.0285
16644,0.0341
16645,0.1661
16646,0.036
16647,0.035
16648,0.0207
16649,0.3872
16650,0.0089
16651,0.0085
16652,0.0649
16653,0.0067
16654,0.011
16655,0.0081
16656,0.6219
16657,0.4079
16658,0.0066
16659,0.0462
16660,0.8733
16661,0.323
16662,0.0256
16663,0.015
16664,0.0085
16665,0.0448
16666,0.0482
16667,0.0427
16668,0.7207
16669,0.0077
16670,0.0144
16671,0.0103
16672,0.4192
16673,0.8621
16674,0.0081
16675,0.0626
16676,0.0166
16677,0.0106
16678,0.0111
16679,0.0079
16680,0.0129
16681,0.0184
16682,0.3494
16683,0.0579
16684,0.0096
16685,0.0329
16686,0.6382
16687,0.0142
16688,0.345
16689,0.1855
16690,0.9488
16691,0.1389
16692,0.0102
16693,0.1717
16694,0.0142
16695,0.0102
16696,0.0087
16697,0.0217
16698,0.0081
16699,0.0143
16700,0.0556
16701,0.9186
16702,0.0094
16703,0.015
16704,0.0203
16705,0.0512
16706,0.0192
16707,0.73
16708,0.0134
16709,0.0095
16710,0.0947
16711,0.7416
16712,0.0344
16713,0.7312
16714,0.0345
16715,0.4277
16716,0.0327
16717,0.0883
16718,0.806
16719,0.7201
16720,0.0119
16721,0.4495
16722,0.0444
16723,0.0152
16724,0.0429
16725,0.0093
16726,0.0144
16727,0.9331
16728,0.4596
16729,0.0452
16730,0.0143
16731,0.0108
16732,0.8388
16733,0.0198
16734,0.0248
16735,0.1145
16736,0.8618
16737,0.0692
16738,0.0269
16739,0.8787
16740,0.0227
16741,0.041
16742,0.7156
16743,0.026
16744,0.0521
16745,0.0075
16746,0.01
16747,0.014
16748,0.1239
16749,0.0155
16750,0.0069
16751,0.0439
16752,0.1059
16753,0.007
16754,0.0886
16755,0.0214
16756,0.0377
16757,0.015
16758,0.0072
16759,0.0998
16760,0.0081
16761,0.0128
16762,0.0157
16763,0.068
16764,0.7668
16765,0.062
16766,0.0587
16767,0.0235
16768,0.1667
16769,0.0742
16770,0.4453
16771,0.0267
16772,0.3627
16773,0.0084
16774,0.0113
16775,0.0132
16776,0.0349
16777,0.4399
16778,0.156
16779,0.0164
16780,0.1318
16781,0.2251
16782,0.6372
16783,0.0086
16784,0.102
16785,0.0126
16786,0.0389
16787,0.019
16788,0.0248
16789,0.7927
16790,0.0746
16791,0.0107
16792,0.0823
16793,0.0195
16794,0.0444
16795,0.5549
16796,0.0323
16797,0.0412
16798,0.1803
16799,0.0148
16800,0.0548
16801,0.0586
16802,0.025
16803,0.0084
16804,0.1934
16805,0.0082
16806,0.0099
16807,0.3519
16808,0.0076
16809,0.009
16810,0.0159
16811,0.0101
16812,0.1155
16813,0.0874
16814,0.0376
16815,0.1249
16816,0.0267
16817,0.0459
16818,0.8442
16819,0.9765
16820,0.1484
16821,0.9299
16822,0.0123
16823,0.0107
16824,0.8338
16825,0.0352
16826,0.0177
16827,0.0091
16828,0.0072
16829,0.8205
16830,0.3309
16831,0.9168
16832,0.8648
16833,0.9201
16834,0.0175
16835,0.028
16836,0.1646
16837,0.1362
16838,0.2106
16839,0.2662
16840,0.9677
16841,0.0207
16842,0.3559
16843,0.1362
16844,0.926
16845,0.0351
16846,0.8704
16847,0.3303
16848,0.7255
16849,0.0612
16850,0.9203
16851,0.0206
16852,0.0059
16853,0.2841
16854,0.3642
16855,0.0216
16856,0.4309
16857,0.5961
16858,0.7779
16859,0.0138
16860,0.0946
16861,0.0088
16862,0.0167
16863,0.0245
16864,0.0628
16865,0.0262
16866,0.0255
16867,0.0191
16868,0.2072
16869,0.0086
16870,0.1956
16871,0.7354
16872,0.0235
16873,0.0158
16874,0.0187
16875,0.8187
16876,0.0188
16877,0.0109
16878,0.0345
16879,0.0124
16880,0.0625
16881,0.0858
16882,0.0229
16883,0.1508
16884,0.0591
16885,0.0277
16886,0.0146
16887,0.2524
16888,0.0061
16889,0.1322
16890,0.3969
16891,0.0104
16892,0.0319
16893,0.0987
16894,0.048
16895,0.1629
16896,0.3319
16897,0.0439
16898,0.1491
16899,0.0207
16900,0.0171
16901,0.013
16902,0.9619
16903,0.0187
16904,0.6469
16905,0.0073
16906,0.0598
16907,0.0161
16908,0.0171
16909,0.0058
16910,0.014
16911,0.0301
16912,0.0172
16913,0.0102
16914,0.0096
16915,0.169
16916,0.0104
16917,0.0889
16918,0.75
16919,0.021
16920,0.0191
16921,0.1023
16922,0.0186
16923,0.1247
16924,0.05
16925,0.0788
16926,0.0433
16927,0.0376
16928,0.7316
16929,0.6255
16930,0.0083
16931,0.8851
16932,0.2397
16933,0.0156
16934,0.0206
16935,0.0232
16936,0.7893
16937,0.0229
16938,0.0106
16939,0.0803
16940,0.3628
16941,0.024
16942,0.1012
16943,0.9552
16944,0.0295
16945,0.0214
16946,0.0758
16947,0.0689
16948,0.0292
16949,0.9753
16950,0.1903
16951,0.9596
16952,0.0202
16953,0.0269
16954,0.0605
16955,0.028
16956,0.2444
16957,0.2275
16958,0.0299
16959,0.0256
16960,0.0668
16961,0.0199
16962,0.0145
16963,0.0296
16964,0.0156
16965,0.0126
16966,0.961
16967,0.2099
16968,0.9359
16969,0.0102
16970,0.0131
16971,0.6089
16972,0.8962
16973,0.565
16974,0.0696
16975,0.0066
16976,0.0667
16977,0.1203
16978,0.3236
16979,0.0105
16980,0.7391
16981,0.7912
16982,0.8668
16983,0.9724
16984,0.0248
16985,0.0195
16986,0.0082
16987,0.0171
16988,0.009
16989,0.4497
16990,0.011
16991,0.0201
16992,0.313
16993,0.0071
16994,0.135
16995,0.0201
16996,0.0118
16997,0.0302
16998,0.7504
16999,0.0201
17000,0.0118
17001,0.0109
17002,0.0531
17003,0.6052
17004,0.0904
17005,0.2258
17006,0.1789
17007,0.3176
17008,0.0271
17009,0.8077
17010,0.2787
17011,0.133
17012,0.0175
17013,0.0102
17014,0.6778
17015,0.8539
17016,0.0141
17017,0.1262
17018,0.0118
17019,0.0105
17020,0.0327
17021,0.0255
17022,0.07
17023,0.9365
17024,0.0169
17025,0.0156
17026,0.0085
17027,0.0131
17028,0.793
17029,0.031
17030,0.0064
17031,0.0137
17032,0.6365
17033,0.1187
17034,0.034
17035,0.0229
17036,0.0086
17037,0.0105
17038,0.0227
17039,0.0373
17040,0.0176
17041,0.0086
17042,0.9553
17043,0.0761
17044,0.02
17045,0.0794
17046,0.6272
17047,0.0108
17048,0.0878
17049,0.0226
17050,0.1359
17051,0.8042
17052,0.1166
17053,0.9225
17054,0.0296
17055,0.0243
17056,0.0237
17057,0.0204
17058,0.0178
17059,0.0159
17060,0.3242
17061,0.9428
17062,0.0106
17063,0.0847
17064,0.3792
17065,0.0231
17066,0.7728
17067,0.6744
17068,0.4268
17069,0.352
17070,0.4719
17071,0.8543
17072,0.0101
17073,0.0203
17074,0.2607
17075,0.046
17076,0.0178
17077,0.7121
17078,0.25
17079,0.2446
17080,0.2336
17081,0.0127
17082,0.0198
17083,0.0488
17084,0.2061
17085,0.9597
17086,0.0692
17087,0.069
17088,0.0127
17089,0.024
17090,0.0109
17091,0.0127
17092,0.1233
17093,0.0227
17094,0.0402
17095,0.6954
17096,0.4472
17097,0.2739
17098,0.0224
17099,0.0098
17100,0.498
17101,0.074
17102,0.7107
17103,0.025
17104,0.0474
17105,0.2936
17106,0.0644
17107,0.1912
17108,0.0968
17109,0.0248
17110,0.0214
17111,0.0156
17112,0.26
17113,0.0256
17114,0.027
17115,0.3813
17116,0.2757
17117,0.0164
17118,0.6922
17119,0.0403
17120,0.0607
17121,0.0236
17122,0.5689
17123,0.2086
17124,0.9671
17125,0.0167
17126,0.1208
17127,0.0432
17128,0.885
17129,0.0217
17130,0.3174
17131,0.0354
17132,0.1982
17133,0.1132
17134,0.0422
17135,0.1675
17136,0.0357
17137,0.0159
17138,0.9658
17139,0.1616
17140,0.0265
17141,0.272
17142,0.1172
17143,0.3384
17144,0.0106
17145,0.0199
17146,0.3315
17147,0.0692
17148,0.0412
17149,0.0499
17150,0.0232
17151,0.2217
17152,0.034
17153,0.0145
17154,0.0605
17155,0.0229
17156,0.3185
17157,0.0454
17158,0.0791
17159,0.1108
17160,0.0455
17161,0.6199
17162,0.0163
17163,0.7572
17164,0.0102
17165,0.0087
17166,0.187
17167,0.0275
17168,0.0492
17169,0.6583
17170,0.0146
17171,0.023
17172,0.0669
17173,0.1903
17174,0.07
17175,0.5171
17176,0.1257
17177,0.2705
17178,0.0537
17179,0.5408
17180,0.0296
17181,0.1941
17182,0.0564
17183,0.1719
17184,0.2271
17185,0.0108
17186,0.0149
17187,0.0257
17188,0.5063
17189,0.022
17190,0.1342
17191,0.0375
17192,0.0096
17193,0.0092
17194,0.0127
17195,0.0284
17196,0.022
17197,0.0113
17198,0.1771
17199,0.9549
17200,0.0533
17201,0.2239
17202,0.2062
17203,0.0629
17204,0.8911
17205,0.0188
17206,0.0209
17207,0.2815
17208,0.0196
17209,0.0431
17210,0.0235
17211,0.0127
17212,0.044
17213,0.1056
17214,0.1149
17215,0.9436
17216,0.0093
17217,0.6644
17218,0.0566
17219,0.0632
17220,0.0145
17221,0.0157
17222,0.2946
17223,0.0216
17224,0.0778
17225,0.8757
17226,0.0242
17227,0.0089
17228,0.0645
17229,0.6942
17230,0.0474
17231,0.0157
17232,0.0242
17233,0.0334
17234,0.0199
17235,0.0787
17236,0.0106
17237,0.027
17238,0.2043
17239,0.0567
17240,0.0062
17241,0.0071
17242,0.0225
17243,0.0821
17244,0.2023
17245,0.0687
17246,0.017
17247,0.0142
17248,0.0111
17249,0.0319
17250,0.7313
17251,0.5055
17252,0.0728
17253,0.1928
17254,0.1803
17255,0.0136
17256,0.0159
17257,0.8943
17258,0.3926
17259,0.941
17260,0.1575
17261,0.0417
17262,0.2395
17263,0.0119
17264,0.3713
17265,0.0111
17266,0.0121
17267,0.0399
17268,0.1772
17269,0.17
17270,0.0125
17271,0.074
17272,0.3674
17273,0.8734
17274,0.0139
17275,0.1085
17276,0.1953
17277,0.0192
17278,0.0276
17279,0.9042
17280,0.0233
17281,0.0143
17282,0.0608
17283,0.6128
17284,0.0424
17285,0.0488
17286,0.0418
17287,0.6209
17288,0.0098
17289,0.1396
17290,0.0077
17291,0.0109
17292,0.1427
17293,0.6131
17294,0.8274
17295,0.0474
17296,0.0071
17297,0.1108
17298,0.0282
17299,0.2108
17300,0.0487
17301,0.7864
17302,0.0278
17303,0.1238
17304,0.0534
17305,0.0087
17306,0.3247
17307,0.0301
17308,0.0113
17309,0.9472
17310,0.1449
17311,0.0707
17312,0.8061
17313,0.9254
17314,0.0297
17315,0.451
17316,0.119
17317,0.0099
17318,0.0306
17319,0.0216
17320,0.9663
17321,0.1915
17322,0.0336
17323,0.9199
17324,0.0256
17325,0.0111
17326,0.0759
17327,0.0107
17328,0.6905
17329,0.0115
17330,0.0202
17331,0.0821
17332,0.1317
17333,0.1907
17334,0.2507
17335,0.0688
17336,0.1629
17337,0.2213
17338,0.0178
17339,0.0303
17340,0.0595
17341,0.222
17342,0.443
17343,0.0118
17344,0.9293
17345,0.2072
17346,0.123
17347,0.8527
17348,0.4217
17349,0.009
17350,0.015
17351,0.0455
17352,0.022
17353,0.0166
17354,0.1431
17355,0.1633
17356,0.8366
17357,0.028
17358,0.0098
17359,0.1285
17360,0.1253
17361,0.0947
17362,0.1803
17363,0.9784
17364,0.0231
17365,0.0252
17366,0.0142
17367,0.0329
17368,0.0198
17369,0.0143
17370,0.008
17371,0.9483
17372,0.0319
17373,0.0108
17374,0.0049
17375,0.017
17376,0.6515
17377,0.7914
17378,0.0494
17379,0.9599
17380,0.0167
17381,0.0189
17382,0.009
17383,0.0461
17384,0.0078
17385,0.6516
17386,0.016
17387,0.2244
17388,0.1407
17389,0.0105
17390,0.8249
17391,0.744
17392,0.0801
17393,0.1157
17394,0.8434
17395,0.1256
17396,0.2533
17397,0.0716
17398,0.905
17399,0.0315
17400,0.0396
17401,0.0109
17402,0.0213
17403,0.7165
17404,0.0398
17405,0.6675
17406,0.0124
17407,0.0116
17408,0.4922
17409,0.0295
17410,0.0282
17411,0.0211
17412,0.2095
17413,0.0729
17414,0.0773
17415,0.2145
17416,0.0099
17417,0.035
17418,0.6074
17419,0.2431
17420,0.0178
17421,0.8635
17422,0.0536
17423,0.0158
17424,0.3915
17425,0.0107
17426,0.1103
17427,0.0127
17428,0.0402
17429,0.1219
17430,0.027
17431,0.0559
17432,0.0483
17433,0.9463
17434,0.043
17435,0.0214
17436,0.8749
17437,0.892
17438,0.0416
17439,0.0062
17440,0.0445
17441,0.0081
17442,0.0105
17443,0.1568
17444,0.0091
17445,0.0105
17446,0.9231
17447,0.0111
17448,0.0188
17449,0.7718
17450,0.0204
17451,0.017
17452,0.0558
17453,0.0361
17454,0.6462
17455,0.1314
17456,0.0164
17457,0.0276
17458,0.019
17459,0.0883
17460,0.0352
17461,0.1092
17462,0.6796
17463,0.0103
17464,0.7919
17465,0.0058
17466,0.0272
17467,0.0491
17468,0.0209
17469,0.0167
17470,0.258
17471,0.6341
17472,0.0255
17473,0.016
17474,0.0139
17475,0.473
17476,0.0344
17477,0.0299
17478,0.0389
17479,0.1024
17480,0.0077
17481,0.0053
17482,0.0247
17483,0.3567
17484,0.0626
17485,0.0093
17486,0.1106
17487,0.0105
17488,0.0096
17489,0.9705
17490,0.4954
17491,0.0333
17492,0.0293
17493,0.0077
17494,0.0258
17495,0.0656
17496,0.0077
17497,0.1954
17498,0.0212
17499,0.5232
17500,0.0261
17501,0.0152
17502,0.5254
17503,0.0164
17504,0.0105
17505,0.9709
17506,0.0278
17507,0.3609
17508,0.7382
17509,0.0117
17510,0.7523
17511,0.0428
17512,0.1744
17513,0.0345
17514,0.7899
17515,0.0134
17516,0.0655
17517,0.6356
17518,0.0185
17519,0.7439
17520,0.2074
17521,0.8293
17522,0.0087
17523,0.0752
17524,0.0356
17525,0.0385
17526,0.0473
17527,0.0618
17528,0.0095
17529,0.9634
17530,0.1541
17531,0.0088
17532,0.9679
17533,0.1657
17534,0.0695
17535,0.0224
17536,0.0203
17537,0.0194
17538,0.0067
17539,0.0592
17540,0.6571
17541,0.5289
17542,0.0449
17543,0.0219
17544,0.0078
17545,0.939
17546,0.429
17547,0.4395
17548,0.197
17549,0.5537
17550,0.9351
17551,0.1227
17552,0.0299
17553,0.2388
17554,0.9208
17555,0.1227
17556,0.0249
17557,0.039
17558,0.0409
17559,0.0643
17560,0.1051
17561,0.014
17562,0.2333
17563,0.7334
17564,0.0069
17565,0.0195
17566,0.0186
17567,0.2929
17568,0.0145
17569,0.0397
17570,0.0126
17571,0.0055
17572,0.0156
17573,0.0557
17574,0.2322
17575,0.647
17576,0.038
17577,0.2195
17578,0.8376
17579,0.0098
17580,0.7309
17581,0.3749
17582,0.0293
17583,0.0194
17584,0.0229
17585,0.0355
17586,0.0236
17587,0.0154
17588,0.0123
17589,0.0345
17590,0.225
17591,0.3423
17592,0.0234
17593,0.4143
17594,0.0129
17595,0.1881
17596,0.0164
17597,0.127
17598,0.2086
17599,0.1429
17600,0.0157
17601,0.3414
17602,0.4403
17603,0.0598
17604,0.0289
17605,0.035
17606,0.0213
17607,0.0161
17608,0.1832
17609,0.8947
17610,0.0161
17611,0.073
17612,0.0308
17613,0.1841
17614,0.025
17615,0.2805
17616,0.1088
17617,0.1612
17618,0.0156
17619,0.9769
17620,0.0335
17621,0.0094
17622,0.0134
17623,0.0071
17624,0.0481
17625,0.8945
17626,0.1005
17627,0.9128
17628,0.023
17629,0.1487
17630,0.5674
17631,0.008
17632,0.768
17633,0.0082
17634,0.58
17635,0.0222
17636,0.0804
17637,0.9668
17638,0.4527
17639,0.0286
17640,0.1473
17641,0.0714
17642,0.1515
17643,0.0106
17644,0.0296
17645,0.0088
17646,0.1899
17647,0.4738
17648,0.7519
17649,0.0122
17650,0.0216
17651,0.3029
17652,0.9753
17653,0.016
17654,0.1271
17655,0.0789
17656,0.0102
17657,0.0586
17658,0.0537
17659,0.8217
17660,0.0219
17661,0.0745
17662,0.1798
17663,0.173
17664,0.0726
17665,0.0265
17666,0.0487
17667,0.0618
17668,0.0144
17669,0.0742
17670,0.0234
17671,0.007
17672,0.0262
17673,0.0143
17674,0.0071
17675,0.1999
17676,0.7824
17677,0.0216
17678,0.017
17679,0.0044
17680,0.0223
17681,0.1501
17682,0.6827
17683,0.0281
17684,0.9279
17685,0.0261
17686,0.0715
17687,0.0461
17688,0.0094
17689,0.0195
17690,0.0079
17691,0.011
17692,0.0617
17693,0.227
17694,0.0102
17695,0.8268
17696,0.1494
17697,0.0084
17698,0.3577
17699,0.0064
17700,0.0182
17701,0.1247
17702,0.0975
17703,0.6254
17704,0.0068
17705,0.0276
17706,0.9765
17707,0.0157
17708,0.0202
17709,0.0084
17710,0.0173
17711,0.0473
17712,0.0317
17713,0.0418
17714,0.0198
17715,0.0394
17716,0.0108
17717,0.1739
17718,0.0841
17719,0.1712
17720,0.8253
17721,0.1444
17722,0.0125
17723,0.0087
17724,0.0622
17725,0.7595
17726,0.7578
17727,0.5282
17728,0.0539
17729,0.0673
17730,0.3129
17731,0.4092
17732,0.0092
17733,0.0498
17734,0.178
17735,0.4712
17736,0.012
17737,0.0904
17738,0.8059
17739,0.0075
17740,0.073
17741,0.0323
17742,0.0548
17743,0.0256
17744,0.0688
17745,0.0046
17746,0.0818
17747,0.1543
17748,0.1771
17749,0.0102
17750,0.03
17751,0.0133
17752,0.0634
17753,0.5653
17754,0.1828
17755,0.0065
17756,0.1768
17757,0.4412
17758,0.0197
17759,0.1505
17760,0.3829
17761,0.0514
17762,0.0179
17763,0.0126
17764,0.0581
17765,0.8626
17766,0.1582
17767,0.9535
17768,0.6228
17769,0.9561
17770,0.0178
17771,0.0594
17772,0.0634
17773,0.0107
17774,0.2217
17775,0.6361
17776,0.2696
17777,0.0081
17778,0.0065
17779,0.6556
17780,0.0113
17781,0.5512
17782,0.0483
17783,0.014
17784,0.091
17785,0.0096
17786,0.052
17787,0.8869
17788,0.0462
17789,0.0759
17790,0.0562
17791,0.0361
17792,0.0437
17793,0.5364
17794,0.0345
17795,0.0229
17796,0.0201
17797,0.9538
17798,0.7329
17799,0.012
17800,0.1654
17801,0.1416
17802,0.0364
17803,0.0303
17804,0.0267
17805,0.0377
17806,0.8403
17807,0.0184
17808,0.0092
17809,0.7146
17810,0.0063
17811,0.9731
17812,0.0544
17813,0.0232
17814,0.031
17815,0.1624
17816,0.2
17817,0.0097
17818,0.0079
17819,0.2088
17820,0.0981
17821,0.4054
17822,0.0073
17823,0.8902
17824,0.0091
17825,0.1514
17826,0.0334
17827,0.0778
17828,0.0113
17829,0.0232
17830,0.1309
17831,0.1305
17832,0.0079
17833,0.7447
17834,0.0429
17835,0.7942
17836,0.0259
17837,0.2964
17838,0.8885
17839,0.2262
17840,0.0124
17841,0.3235
17842,0.0227
17843,0.1176
17844,0.2309
17845,0.4689
17846,0.0142
17847,0.0226
17848,0.0201
17849,0.9696
17850,0.4921
17851,0.0394
17852,0.0082
17853,0.0185
17854,0.0448
17855,0.0336
17856,0.6163
17857,0.1769
17858,0.0265
17859,0.02
17860,0.6234
17861,0.0637
17862,0.8579
17863,0.0488
17864,0.0264
17865,0.8893
17866,0.0781
17867,0.8533
17868,0.0179
17869,0.0157
17870,0.016
17871,0.0161
17872,0.0144
17873,0.0295
17874,0.1924
17875,0.0607
17876,0.0713
17877,0.335
17878,0.1095
17879,0.0578
17880,0.0094
17881,0.0185
17882,0.0679
17883,0.0793
17884,0.0415
17885,0.2151
17886,0.0893
17887,0.0664
17888,0.7789
17889,0.9631
17890,0.0158
17891,0.0106
17892,0.7108
17893,0.9513
17894,0.3787
17895,0.1757
17896,0.1097
17897,0.2196
17898,0.2762
17899,0.0102
17900,0.0263
17901,0.0165
17902,0.0314
17903,0.0068
17904,0.4132
17905,0.9294
17906,0.0065
17907,0.0808
17908,0.9129
17909,0.0238
17910,0.0553
17911,0.3888
17912,0.7148
17913,0.0166
17914,0.7881
17915,0.0177
17916,0.0236
17917,0.0369
17918,0.0443
17919,0.0066
17920,0.0156
17921,0.1464
17922,0.3694
17923,0.0103
17924,0.2663
17925,0.0371
17926,0.0186
17927,0.0071
17928,0.1063
17929,0.0447
17930,0.8421
17931,0.4503
17932,0.6652
17933,0.0259
17934,0.0085
17935,0.4054
17936,0.0121
17937,0.5936
17938,0.0208
17939,0.0365
17940,0.0962
17941,0.0658
17942,0.0189
17943,0.1114
17944,0.9387
17945,0.4614
17946,0.0361
17947,0.2231
17948,0.4426
17949,0.0096
17950,0.0395
17951,0.0779
17952,0.0074
17953,0.7865
17954,0.0689
17955,0.0118
17956,0.0095
17957,0.0367
17958,0.1413
17959,0.8997
17960,0.9888
17961,0.0082
17962,0.0261
17963,0.6505
17964,0.0789
17965,0.0178
17966,0.0679
17967,0.0737
17968,0.0483
17969,0.0246
17970,0.0709
17971,0.0105
17972,0.2174
17973,0.0498
17974,0.0203
17975,0.031
17976,0.0213
17977,0.0283
17978,0.0192
17979,0.0319
17980,0.0332
17981,0.6892
17982,0.0079
17983,0.0109
17984,0.0203
17985,0.137
17986,0.0156
17987,0.0488
17988,0.0223
17989,0.0541
17990,0.0079
17991,0.0066
17992,0.0326
17993,0.2954
17994,0.012
17995,0.0199
17996,0.1523
17997,0.0731
17998,0.0058
17999,0.8398
18000,0.0108
18001,0.8592
18002,0.0697
18003,0.0396
18004,0.0148
18005,0.1428
18006,0.1362
18007,0.0082
18008,0.0895
18009,0.0203
18010,0.1011
18011,0.0253
18012,0.023
18013,0.1324
18014,0.0524
18015,0.0342
18016,0.0457
18017,0.0152
18018,0.08
18019,0.1696
18020,0.0067
18021,0.5778
18022,0.1197
18023,0.0907
18024,0.8721
18025,0.0311
18026,0.3091
18027,0.0424
18028,0.0449
18029,0.8864
18030,0.0374
18031,0.0396
18032,0.0178
18033,0.2265
18034,0.1184
18035,0.0922
18036,0.048
18037,0.0329
18038,0.0112
18039,0.1305
18040,0.2944
18041,0.0667
18042,0.911
18043,0.0225
18044,0.0321
18045,0.0138
18046,0.0297
18047,0.0376
18048,0.0155
18049,0.0164
18050,0.1744
18051,0.0914
18052,0.0148
18053,0.9306
18054,0.0311
18055,0.416
18056,0.0324
18057,0.0245
18058,0.0151
18059,0.1298
18060,0.5813
18061,0.0201
18062,0.0569
18063,0.0532
18064,0.0276
18065,0.8417
18066,0.0263
18067,0.526
18068,0.0055
18069,0.0178
18070,0.1856
18071,0.0202
18072,0.8359
18073,0.8918
18074,0.0485
18075,0.0567
18076,0.007
18077,0.0207
18078,0.0124
18079,0.0201
18080,0.0065
18081,0.0936
18082,0.0391
18083,0.0067
18084,0.3481
18085,0.0316
18086,0.967
18087,0.3482
18088,0.853
18089,0.0116
18090,0.0103
18091,0.9157
18092,0.582
18093,0.0561
18094,0.4731
18095,0.0744
18096,0.0192
18097,0.0048
18098,0.007
18099,0.0423
18100,0.3003
18101,0.9554
18102,0.0112
18103,0.0525
18104,0.0224
18105,0.0111
18106,0.5567
18107,0.0324
18108,0.0187
18109,0.439
18110,0.0296
18111,0.149
18112,0.1113
18113,0.0053
18114,0.0199
18115,0.061
18116,0.009
18117,0.0154
18118,0.023
18119,0.0136
18120,0.0115
18121,0.009
18122,0.016
18123,0.0172
18124,0.1099
18125,0.0397
18126,0.1076
18127,0.6446
18128,0.0125
18129,0.0082
18130,0.2269
18131,0.0052
18132,0.0152
18133,0.0148
18134,0.0079
18135,0.0133
18136,0.85
18137,0.8324
18138,0.0805
18139,0.0246
18140,0.0817
18141,0.0124
18142,0.0133
18143,0.9685
18144,0.0163
18145,0.0233
18146,0.2295
18147,0.0343
18148,0.5616
18149,0.0087
18150,0.0185
18151,0.0916
18152,0.0181
18153,0.0114
18154,0.0192
18155,0.6892
18156,0.0081
18157,0.1421
18158,0.9536
18159,0.0431
18160,0.7431
18161,0.027
18162,0.0301
18163,0.0118
18164,0.4851
18165,0.0627
18166,0.0415
18167,0.7848
18168,0.3671
18169,0.0188
18170,0.9041
18171,0.9635
18172,0.0458
18173,0.0134
18174,0.1478
18175,0.0617
18176,0.9524
18177,0.7299
18178,0.1614
18179,0.1761
18180,0.9791
18181,0.4225
18182,0.0096
18183,0.1414
18184,0.0237
18185,0.5111
18186,0.0062
18187,0.0267
18188,0.9047
18189,0.0694
18190,0.9599
18191,0.016
18192,0.8263
18193,0.0121
18194,0.0094
18195,0.9341
18196,0.0079
18197,0.0076
18198,0.6912
18199,0.0196
18200,0.3449
18201,0.6441
18202,0.5067
18203,0.1876
18204,0.0476
18205,0.0199
18206,0.0731
18207,0.0957
18208,0.071
18209,0.0189
18210,0.0185
18211,0.1538
18212,0.0368
18213,0.1892
18214,0.9406
18215,0.0207
18216,0.2251
18217,0.6163
18218,0.0189
18219,0.0178
18220,0.6074
18221,0.1944
18222,0.0125
18223,0.3309
18224,0.9076
18225,0.0306
18226,0.7132
18227,0.0151
18228,0.0079
18229,0.4472
18230,0.0103
18231,0.8059
18232,0.7922
18233,0.1682
18234,0.8819
18235,0.8226
18236,0.0148
18237,0.396
18238,0.0428
18239,0.0791
18240,0.0554
18241,0.6566
18242,0.0245
18243,0.0777
18244,0.7333
18245,0.0886
18246,0.1033
18247,0.1202
18248,0.3268
18249,0.0522
18250,0.0159
18251,0.0104
18252,0.0078
18253,0.7117
18254,0.282
18255,0.8067
18256,0.007
18257,0.0055
18258,0.3198
18259,0.0156
18260,0.0095
18261,0.0076
18262,0.0306
18263,0.1428
18264,0.0107
18265,0.4709
18266,0.3601
18267,0.6809
18268,0.0118
18269,0.9612
18270,0.1287
18271,0.0476
18272,0.4132
18273,0.0143
18274,0.0125
18275,0.0127
18276,0.701
18277,0.0166
18278,0.0112
18279,0.0199
18280,0.0255
18281,0.1038
18282,0.0245
18283,0.2347
18284,0.0316
18285,0.0102
18286,0.1315
18287,0.021
18288,0.0317
18289,0.3756
18290,0.0124
18291,0.0071
18292,0.0429
18293,0.022
18294,0.0328
18295,0.2104
18296,0.9104
18297,0.0199
18298,0.0232
18299,0.0603
18300,0.1105
18301,0.0079
18302,0.7956
18303,0.0335
18304,0.0251
18305,0.3678
18306,0.0424
18307,0.0171
18308,0.9303
18309,0.0163
18310,0.1347
18311,0.1853
18312,0.0094
18313,0.0337
18314,0.0299
18315,0.0489
18316,0.0262
18317,0.0432
18318,0.0147
18319,0.0094
18320,0.1461
18321,0.2186
18322,0.4813
18323,0.0223
18324,0.8496
18325,0.9104
18326,0.1435
18327,0.0385
18328,0.0216
18329,0.1081
18330,0.014
18331,0.2714
18332,0.0093
18333,0.025
18334,0.0083
18335,0.0863
18336,0.0199
18337,0.645
18338,0.0163
18339,0.017
18340,0.0659
18341,0.0274
18342,0.097
18343,0.0306
18344,0.9639
18345,0.7979
18346,0.0863
18347,0.0175
18348,0.0216
18349,0.06
18350,0.7856
18351,0.0134
18352,0.0408
18353,0.0346
18354,0.0169
18355,0.0324
18356,0.0473
18357,0.8346
18358,0.0845
18359,0.0257
18360,0.0229
18361,0.8756
18362,0.0204
18363,0.0116
18364,0.6107
18365,0.884
18366,0.5356
18367,0.0116
18368,0.0897
18369,0.0462
18370,0.1514
18371,0.8498
18372,0.0139
18373,0.0933
18374,0.0125
18375,0.2103
18376,0.1521
18377,0.0322
18378,0.0845
18379,0.0109
18380,0.5313
18381,0.9659
18382,0.3395
18383,0.1172
18384,0.0866
18385,0.0067
18386,0.8943
18387,0.818
18388,0.1812
18389,0.0567
18390,0.2779
18391,0.3641
18392,0.1028
18393,0.3996
18394,0.0561
18395,0.2605
18396,0.6293
18397,0.0082
18398,0.943
18399,0.2209
18400,0.0903
18401,0.0066
18402,0.402
18403,0.499
18404,0.0165
18405,0.0732
18406,0.6781
18407,0.0402
18408,0.8155
18409,0.014
18410,0.0186
18411,0.0101
18412,0.0091
18413,0.9227
18414,0.1099
18415,0.0129
18416,0.0719
18417,0.0317
18418,0.8291
18419,0.3313
18420,0.0068
18421,0.8828
18422,0.0091
18423,0.1399
18424,0.2715
18425,0.9252
18426,0.1079
18427,0.613
18428,0.0057
18429,0.1107
18430,0.8914
18431,0.0243
18432,0.0105
18433,0.0142
18434,0.0168
18435,0.0894
18436,0.2431
18437,0.0187
18438,0.0676
18439,0.0394
18440,0.0923
18441,0.2391
18442,0.066
18443,0.0249
18444,0.117
18445,0.6981
18446,0.8176
18447,0.0105
18448,0.7112
18449,0.0178
18450,0.1085
18451,0.0307
18452,0.831
18453,0.0216
18454,0.8121
18455,0.4299
18456,0.0368
18457,0.0151
18458,0.8966
18459,0.6159
18460,0.0857
18461,0.1554
18462,0.1016
18463,0.0351
18464,0.0068
18465,0.0131
18466,0.0292
18467,0.07
18468,0.2325
18469,0.0125
18470,0.4113
18471,0.9278
18472,0.0075
18473,0.0311
18474,0.0061
18475,0.019
18476,0.0755
18477,0.0145
18478,0.9666
18479,0.0242
18480,0.9296
18481,0.023
18482,0.7601
18483,0.0249
18484,0.118
18485,0.9008
18486,0.0448
18487,0.0181
18488,0.9379
18489,0.0091
18490,0.012
18491,0.0088
18492,0.8391
18493,0.3366
18494,0.4532
18495,0.8901
18496,0.1134
18497,0.047
18498,0.8695
18499,0.0075
18500,0.4398
18501,0.8113
18502,0.0198
18503,0.0124
18504,0.0166
18505,0.0297
18506,0.0305
18507,0.0511
18508,0.0092
18509,0.0074
18510,0.3368
18511,0.0088
18512,0.034
18513,0.7975
18514,0.0089
18515,0.0988
18516,0.0337
18517,0.0056
18518,0.0195
18519,0.0213
18520,0.0171
18521,0.0225
18522,0.0113
18523,0.0111
18524,0.0213
18525,0.0169
18526,0.1129
18527,0.9679
18528,0.0152
18529,0.0089
18530,0.0118
18531,0.014
18532,0.0862
18533,0.0148
18534,0.2878
18535,0.0139
18536,0.0074
18537,0.8046
18538,0.2128
18539,0.0325
18540,0.1566
18541,0.0195
18542,0.1716
18543,0.0242
18544,0.1423
18545,0.0261
18546,0.0872
18547,0.163
18548,0.7292
18549,0.9342
18550,0.9761
18551,0.0836
18552,0.8533
18553,0.6775
18554,0.234
18555,0.1883
18556,0.0063
18557,0.0167
18558,0.0281
18559,0.8038
18560,0.2502
18561,0.0566
18562,0.5104
18563,0.0199
18564,0.8574
18565,0.0066
18566,0.0132
18567,0.0271
18568,0.0205
18569,0.0081
18570,0.2894
18571,0.0122
18572,0.009
18573,0.0105
18574,0.1251
18575,0.2528
18576,0.0185
18577,0.1231
18578,0.0123
18579,0.1565
18580,0.0479
18581,0.0198
18582,0.3114
18583,0.0427
18584,0.3348
18585,0.0304
18586,0.1088
18587,0.0222
18588,0.637
18589,0.0253
18590,0.0089
18591,0.4489
18592,0.6628
18593,0.1182
18594,0.0253
18595,0.9609
18596,0.1277
18597,0.1985
18598,0.5475
18599,0.3604
18600,0.7381
18601,0.0113
18602,0.0055
18603,0.0149
18604,0.8745
18605,0.0466
18606,0.1422
18607,0.0478
18608,0.4549
18609,0.1903
18610,0.1075
18611,0.0084
18612,0.0168
18613,0.9323
18614,0.0145
18615,0.68
18616,0.0128
18617,0.9253
18618,0.1079
18619,0.0123
18620,0.0176
18621,0.0057
18622,0.0302
18623,0.0535
18624,0.0206
18625,0.0177
18626,0.007
18627,0.27
18628,0.0103
18629,0.1029
18630,0.1237
18631,0.7344
18632,0.0267
18633,0.0179
18634,0.7961
18635,0.0173
18636,0.1352
18637,0.4709
18638,0.0176
18639,0.1344
18640,0.1728
18641,0.0163
18642,0.488
18643,0.0419
18644,0.0254
18645,0.0173
18646,0.0955
18647,0.0186
18648,0.0484
18649,0.0157
18650,0.0722
18651,0.0717
18652,0.0211
18653,0.01
18654,0.0864
18655,0.0127
18656,0.0394
18657,0.0079
18658,0.0726
18659,0.0719
18660,0.0111
18661,0.0181
18662,0.0113
18663,0.0357
18664,0.0578
18665,0.0946
18666,0.1328
18667,0.0926
18668,0.0165
18669,0.0124
18670,0.1944
18671,0.0107
18672,0.9254
18673,0.4359
18674,0.013
18675,0.5307
18676,0.0112
18677,0.0133
18678,0.0358
18679,0.057
18680,0.4909
18681,0.226
18682,0.0885
18683,0.0473
18684,0.8987
18685,0.0077
18686,0.153
18687,0.8661
18688,0.027
18689,0.0932
18690,0.0135
18691,0.0523
18692,0.0423
18693,0.432
18694,0.0392
18695,0.9846
18696,0.3988
18697,0.5304
18698,0.8095
18699,0.0222
18700,0.0065
18701,0.0501
18702,0.1266
18703,0.0066
18704,0.7483
18705,0.2032
18706,0.0298
18707,0.1122
18708,0.0198
18709,0.737
18710,0.0281
18711,0.0274
18712,0.0403
18713,0.0089
18714,0.1819
18715,0.0131
18716,0.4971
18717,0.0449
18718,0.016
18719,0.009
18720,0.0948
18721,0.0846
18722,0.0053
18723,0.5179
18724,0.6136
18725,0.9123
18726,0.1821
18727,0.018
18728,0.5021
18729,0.7027
18730,0.0121
18731,0.9182
18732,0.0234
18733,0.9488
18734,0.0136
18735,0.2616
18736,0.1457
18737,0.2637
18738,0.0936
18739,0.0074
18740,0.0156
18741,0.0287
18742,0.2145
18743,0.1247
18744,0.0077
18745,0.0148
18746,0.1169
18747,0.7636
18748,0.9564
18749,0.241
18750,0.0333
18751,0.0796
18752,0.0146
18753,0.345
18754,0.0347
18755,0.0047
18756,0.1519
18757,0.0184
18758,0.0604
18759,0.602
18760,0.0165
18761,0.0732
18762,0.1833
18763,0.868
18764,0.0207
18765,0.0729
18766,0.0718
18767,0.1191
18768,0.0838
18769,0.0108
18770,0.0087
18771,0.0137
18772,0.0549
18773,0.0223
18774,0.0896
18775,0.0112
18776,0.008
18777,0.0154
18778,0.015
18779,0.0102
18780,0.0269
18781,0.0472
18782,0.0174
18783,0.6262
18784,0.8196
18785,0.06
18786,0.0362
18787,0.0171
18788,0.518
18789,0.397
18790,0.8006
18791,0.0139
18792,0.0535
18793,0.0188
18794,0.0151
18795,0.1974
18796,0.0186
18797,0.0131
18798,0.0234
18799,0.0142
18800,0.0141
18801,0.0303
18802,0.7083
18803,0.0182
18804,0.0209
18805,0.1889
18806,0.1604
18807,0.097
18808,0.3382
18809,0.0231
18810,0.2641
18811,0.0216
18812,0.0102
18813,0.0189
18814,0.0298
18815,0.0144
18816,0.0212
18817,0.014
18818,0.0664
18819,0.0398
18820,0.255
18821,0.8379
18822,0.0468
18823,0.2429
18824,0.9139
18825,0.0334
18826,0.392
18827,0.7072
18828,0.0207
18829,0.0291
18830,0.1568
18831,0.9423
18832,0.8561
18833,0.0156
18834,0.8354
18835,0.1009
18836,0.7666
18837,0.4159
18838,0.0634
18839,0.3518
18840,0.0118
18841,0.0111
18842,0.0258
18843,0.0112
18844,0.151
18845,0.152
18846,0.0185
18847,0.6295
18848,0.0257
18849,0.0201
18850,0.8296
18851,0.0324
18852,0.1439
18853,0.9851
18854,0.0685
18855,0.0787
18856,0.0507
18857,0.119
18858,0.0079
18859,0.008
18860,0.7176
18861,0.0119
18862,0.0105
18863,0.0738
18864,0.176
18865,0.0093
18866,0.0253
18867,0.0126
18868,0.0257
18869,0.0228
18870,0.0661
18871,0.0102
18872,0.9255
18873,0.5924
18874,0.0204
18875,0.0234
18876,0.9669
18877,0.0102
18878,0.4123
18879,0.0398
18880,0.8045
18881,0.0595
18882,0.2594
18883,0.2456
18884,0.9574
18885,0.9105
18886,0.9405
18887,0.0144
18888,0.0274
18889,0.0156
18890,0.3651
18891,0.0082
18892,0.0083
18893,0.0177
18894,0.057
18895,0.5479
18896,0.6726
18897,0.0576
18898,0.0237
18899,0.078
18900,0.0524
18901,0.1654
18902,0.0102
18903,0.0201
18904,0.0377
18905,0.0238
18906,0.049
18907,0.0227
18908,0.0112
18909,0.7871
18910,0.1156
18911,0.1195
18912,0.7702
18913,0.0792
18914,0.1458
18915,0.0694
18916,0.795
18917,0.0109
18918,0.9672
18919,0.3554
18920,0.0838
18921,0.2298
18922,0.5177
18923,0.8679
18924,0.0178
18925,0.6106
18926,0.044
18927,0.0833
18928,0.1672
18929,0.0117
18930,0.1346
18931,0.9294
18932,0.0716
18933,0.8681
18934,0.0858
18935,0.3593
18936,0.0355
18937,0.0099
18938,0.1138
18939,0.6381
18940,0.0143
18941,0.0184
18942,0.0173
18943,0.0071
18944,0.7568
18945,0.1053
18946,0.0137
18947,0.0084
18948,0.0167
18949,0.0122
18950,0.2975
18951,0.8562
18952,0.461
18953,0.0105
18954,0.0073
18955,0.1965
18956,0.8911
18957,0.0123
18958,0.0246
18959,0.0094
18960,0.0145
18961,0.0149
18962,0.032
18963,0.2142
18964,0.0245
18965,0.8753
18966,0.1329
18967,0.7608
18968,0.8962
18969,0.1803
18970,0.6443
18971,0.0167
18972,0.0451
18973,0.0558
18974,0.1397
18975,0.0127
18976,0.0158
18977,0.0504
18978,0.269
18979,0.0201
18980,0.67
18981,0.1571
18982,0.5062
18983,0.0396
18984,0.0148
18985,0.081
18986,0.9467
18987,0.0074
18988,0.0139
18989,0.1135
18990,0.2424
18991,0.0182
18992,0.9135
18993,0.0189
18994,0.0611
18995,0.1212
18996,0.7477
18997,0.7816
18998,0.2356
18999,0.048
19000,0.0468
19001,0.0544
19002,0.0635
19003,0.0127
19004,0.9147
19005,0.1279
19006,0.2349
19007,0.0224
19008,0.869
19009,0.1498
19010,0.0321
19011,0.0265
19012,0.0308
19013,0.012
19014,0.8553
19015,0.0477
19016,0.1035
19017,0.056
19018,0.0136
19019,0.0215
19020,0.0662
19021,0.0423
19022,0.0156
19023,0.0291
19024,0.7585
19025,0.0419
19026,0.1029
19027,0.0313
19028,0.4754
19029,0.0159
19030,0.1884
19031,0.0214
19032,0.0137
19033,0.031
19034,0.0322
19035,0.0132
19036,0.0277
19037,0.0331
19038,0.0246
19039,0.0093
19040,0.1794
19041,0.0401
19042,0.0116
19043,0.0133
19044,0.0538
19045,0.9074
19046,0.0195
19047,0.6638
19048,0.0126
19049,0.1982
19050,0.032
19051,0.1289
19052,0.9429
19053,0.012
19054,0.0489
19055,0.4088
19056,0.1651
19057,0.0193
19058,0.4295
19059,0.0501
19060,0.0432
19061,0.0075
19062,0.0153
19063,0.0065
19064,0.1826
19065,0.0802
19066,0.6647
19067,0.0328
19068,0.0525
19069,0.0369
19070,0.077
19071,0.8584
19072,0.3279
19073,0.9379
19074,0.0085
19075,0.2709
19076,0.2125
19077,0.2606
19078,0.0209
19079,0.2181
19080,0.0073
19081,0.0692
19082,0.0219
19083,0.8327
19084,0.0265
19085,0.0332
19086,0.8778
19087,0.6363
19088,0.1109
19089,0.0422
19090,0.3792
19091,0.3748
19092,0.9037
19093,0.143
19094,0.02
19095,0.1456
19096,0.0161
19097,0.0386
19098,0.8697
19099,0.0135
19100,0.7465
19101,0.464
19102,0.0169
19103,0.0241
19104,0.0186
19105,0.0188
19106,0.016
19107,0.2065
19108,0.0366
19109,0.066
19110,0.0549
19111,0.1671
19112,0.0099
19113,0.0655
19114,0.0326
19115,0.1187
19116,0.0716
19117,0.201
19118,0.0174
19119,0.221
19120,0.0258
19121,0.0339
19122,0.0155
19123,0.0201
19124,0.0351
19125,0.012
19126,0.1316
19127,0.0107
19128,0.0396
19129,0.0196
19130,0.9039
19131,0.0581
19132,0.562
19133,0.0156
19134,0.0082
19135,0.7524
19136,0.397
19137,0.0162
19138,0.0205
19139,0.0062
19140,0.0542
19141,0.1272
19142,0.8408
19143,0.1505
19144,0.2108
19145,0.0082
19146,0.0108
19147,0.0072
19148,0.1762
19149,0.054
19150,0.0481
19151,0.0077
19152,0.8127
19153,0.9763
19154,0.1824
19155,0.0873
19156,0.3144
19157,0.1321
19158,0.0191
19159,0.1111
19160,0.9185
19161,0.3341
19162,0.0648
19163,0.0368
19164,0.0707
19165,0.0349
19166,0.0065
19167,0.0459
19168,0.8103
19169,0.0381
19170,0.6744
19171,0.0414
19172,0.0834
19173,0.0682
19174,0.0147
19175,0.0212
19176,0.0204
19177,0.0252
19178,0.0249
19179,0.0341
19180,0.0276
19181,0.0681
19182,0.5613
19183,0.0697
19184,0.0894
19185,0.0173
19186,0.0964
19187,0.3367
19188,0.4881
19189,0.0156
19190,0.0472
19191,0.1332
19192,0.596
19193,0.0274
19194,0.138
19195,0.0321
19196,0.906
19197,0.0407
19198,0.063
19199,0.9392
19200,0.8486
19201,0.1576
19202,0.7554
19203,0.0253
19204,0.0185
19205,0.0384
19206,0.0166
19207,0.9252
19208,0.0084
19209,0.8192
19210,0.9126
19211,0.4054
19212,0.9695
19213,0.0171
19214,0.0358
19215,0.4074
19216,0.0128
19217,0.0204
19218,0.3034
19219,0.0151
19220,0.4909
19221,0.0333
19222,0.0764
19223,0.0077
19224,0.3708
19225,0.4316
19226,0.7266
19227,0.1121
19228,0.0167
19229,0.0364
19230,0.1061
19231,0.0173
19232,0.0176
19233,0.0066
19234,0.0513
19235,0.011
19236,0.0148
19237,0.3381
19238,0.0318
19239,0.0094
19240,0.0104
19241,0.0204
19242,0.0333
19243,0.8995
19244,0.0569
19245,0.2831
19246,0.0094
19247,0.7598
19248,0.0145
19249,0.0065
19250,0.2289
19251,0.0176
19252,0.0126
19253,0.0065
19254,0.0111
19255,0.0653
19256,0.0289
19257,0.0609
19258,0.9353
19259,0.9506
19260,0.6869
19261,0.0464
19262,0.0215
19263,0.0096
19264,0.3659
19265,0.0223
19266,0.042
19267,0.0096
19268,0.4765
19269,0.0461
19270,0.0539
19271,0.1327
19272,0.4194
19273,0.0112
19274,0.0085
19275,0.2093
19276,0.071
19277,0.0118
19278,0.4656
19279,0.0171
19280,0.0284
19281,0.017
19282,0.0046
19283,0.0147
19284,0.0177
19285,0.6148
19286,0.0084
19287,0.0214
19288,0.0645
19289,0.0617
19290,0.2045
19291,0.0331
19292,0.7785
19293,0.7479
19294,0.0108
19295,0.0055
19296,0.0402
19297,0.049
19298,0.9362
19299,0.0281
19300,0.029
19301,0.0869
19302,0.2927
19303,0.1177
19304,0.8217
19305,0.3201
19306,0.025
19307,0.0325
19308,0.1673
19309,0.1768
19310,0.0102
19311,0.0801
19312,0.2427
19313,0.1517
19314,0.6523
19315,0.0272
19316,0.2832
19317,0.1044
19318,0.1672
19319,0.5634
19320,0.0072
19321,0.1116
19322,0.0976
19323,0.6424
19324,0.0058
19325,0.1222
19326,0.5569
19327,0.0278
19328,0.0117
19329,0.0251
19330,0.0239
19331,0.9592
19332,0.0294
19333,0.0411
19334,0.0173
19335,0.0086
19336,0.0673
19337,0.9545
19338,0.2794
19339,0.0051
19340,0.1035
19341,0.1456
19342,0.0261
19343,0.0421
19344,0.0629
19345,0.07
19346,0.0066
19347,0.061
19348,0.0261
19349,0.6018
19350,0.0232
19351,0.0688
19352,0.4802
19353,0.0941
19354,0.0657
19355,0.0599
19356,0.0539
19357,0.0292
19358,0.1063
19359,0.2254
19360,0.1933
19361,0.0178
19362,0.2772
19363,0.0253
19364,0.4036
19365,0.5213
19366,0.0104
19367,0.7469
19368,0.4491
19369,0.0461
19370,0.0094
19371,0.7588
19372,0.0134
19373,0.0117
19374,0.028
19375,0.0274
19376,0.0095
19377,0.8907
19378,0.1528
19379,0.0108
19380,0.0075
19381,0.0113
19382,0.0672
19383,0.0214
19384,0.0091
19385,0.0196
19386,0.0163
19387,0.0148
19388,0.4593
19389,0.9605
19390,0.5736
19391,0.7891
19392,0.0299
19393,0.0127
19394,0.1861
19395,0.0624
19396,0.0261
19397,0.8495
19398,0.3886
19399,0.0082
19400,0.6698
19401,0.2791
19402,0.0307
19403,0.1245
19404,0.014
19405,0.0065
19406,0.3115
19407,0.2294
19408,0.0392
19409,0.0186
19410,0.0063
19411,0.0062
19412,0.0098
19413,0.0223
19414,0.4045
19415,0.0371
19416,0.2955
19417,0.9865
19418,0.0231
19419,0.1214
19420,0.108
19421,0.6597
19422,0.0688
19423,0.1417
19424,0.8774
19425,0.0068
19426,0.0071
19427,0.0393
19428,0.0324
19429,0.0501
19430,0.0121
19431,0.0219
19432,0.015
19433,0.0253
19434,0.716
19435,0.0444
19436,0.0059
19437,0.9025
19438,0.0171
19439,0.74
19440,0.1285
19441,0.0209
19442,0.1179
19443,0.018
19444,0.0089
19445,0.0529
19446,0.0238
19447,0.0166
19448,0.3635
19449,0.0068
19450,0.0247
19451,0.4544
19452,0.0251
19453,0.0448
19454,0.6846
19455,0.2418
19456,0.6502
19457,0.2868
19458,0.0961
19459,0.0137
19460,0.952
19461,0.0688
19462,0.0162
19463,0.0298
19464,0.0975
19465,0.1565
19466,0.0178
19467,0.0581
19468,0.9189
19469,0.0111
19470,0.0615
19471,0.5904
19472,0.8337
19473,0.0176
19474,0.0515
19475,0.0633
19476,0.0121
19477,0.8719
19478,0.1937
19479,0.008
19480,0.076
19481,0.6344
19482,0.2945
19483,0.0084
19484,0.0135
19485,0.0069
19486,0.9316
19487,0.1133
19488,0.0657
19489,0.1958
19490,0.0092
19491,0.0848
19492,0.0816
19493,0.3741
19494,0.3139
19495,0.0266
19496,0.5251
19497,0.0616
19498,0.0893
19499,0.0171
19500,0.7453
19501,0.0131
19502,0.9371
19503,0.7153
19504,0.9593
19505,0.0913
19506,0.1342
19507,0.7499
19508,0.0977
19509,0.0132
19510,0.0202
19511,0.0778
19512,0.074
19513,0.0201
19514,0.0188
19515,0.5114
19516,0.5102
19517,0.065
19518,0.0443
19519,0.0124
19520,0.0094
19521,0.0806
19522,0.7415
19523,0.1437
19524,0.1996
19525,0.0292
19526,0.0157
19527,0.2837
19528,0.5966
19529,0.0321
19530,0.8844
19531,0.0729
19532,0.1923
19533,0.0577
19534,0.1734
19535,0.1362
19536,0.1195
19537,0.0168
19538,0.2092
19539,0.8619
19540,0.7476
19541,0.031
19542,0.0103
19543,0.0169
19544,0.7796
19545,0.8412
19546,0.8009
19547,0.0161
19548,0.0145
19549,0.0137
19550,0.1509
19551,0.1601
19552,0.0113
19553,0.0147
19554,0.0632
19555,0.0184
19556,0.012
19557,0.9315
19558,0.0067
19559,0.0419
19560,0.0172
19561,0.9471
19562,0.2006
19563,0.1001
19564,0.0475
19565,0.1207
19566,0.5834
19567,0.8887
19568,0.0163
19569,0.1422
19570,0.0318
19571,0.0163
19572,0.0473
19573,0.013
19574,0.0419
19575,0.1957
19576,0.7969
19577,0.0127
19578,0.0116
19579,0.2585
19580,0.0475
19581,0.5134
19582,0.128
19583,0.0089
19584,0.0265
19585,0.0089
19586,0.1932
19587,0.0799
19588,0.0531
19589,0.0464
19590,0.1892
19591,0.401
19592,0.034
19593,0.9601
19594,0.2073
19595,0.141
19596,0.1154
19597,0.0839
19598,0.0103
19599,0.0254
19600,0.012
19601,0.9179
19602,0.9019
19603,0.9322
19604,0.0185
19605,0.4933
19606,0.1326
19607,0.0296
19608,0.0504
19609,0.031
19610,0.3748
19611,0.4969
19612,0.1568
19613,0.0277
19614,0.0384
19615,0.0516
19616,0.0102
19617,0.0067
19618,0.6477
19619,0.099
19620,0.0742
19621,0.0299
19622,0.9179
19623,0.0082
19624,0.28
19625,0.0234
19626,0.6618
19627,0.0572
19628,0.3081
19629,0.019
19630,0.0253
19631,0.92
19632,0.3151
19633,0.0642
19634,0.0242
19635,0.0472
19636,0.1905
19637,0.909
19638,0.028
19639,0.0129
19640,0.0403
19641,0.0096
19642,0.0254
19643,0.0098
19644,0.0097
19645,0.1357
19646,0.1104
19647,0.0162
19648,0.023
19649,0.2358
19650,0.0074
19651,0.0125
19652,0.1515
19653,0.017
19654,0.9373
19655,0.0271
19656,0.1124
19657,0.0353
19658,0.8769
19659,0.0108
19660,0.2225
19661,0.1686
19662,0.343
19663,0.0154
19664,0.752
19665,0.018
19666,0.0425
19667,0.0805
19668,0.0107
19669,0.0062
19670,0.2565
19671,0.1784
19672,0.0542
19673,0.024
19674,0.2489
19675,0.5509
19676,0.0495
19677,0.0057
19678,0.0061
19679,0.0685
19680,0.0118
19681,0.7841
19682,0.9692
19683,0.1192
19684,0.1206
19685,0.756
19686,0.0121
19687,0.1515
19688,0.0092
19689,0.0722
19690,0.645
19691,0.0458
19692,0.9266
19693,0.0158
19694,0.0135
19695,0.0277
19696,0.0161
19697,0.3452
19698,0.0319
19699,0.5674
19700,0.0075
19701,0.0076
19702,0.8171
19703,0.0812
19704,0.0511
19705,0.0504
19706,0.5706
19707,0.0132
19708,0.0151
19709,0.0055
19710,0.011
19711,0.9363
19712,0.0271
19713,0.0112
19714,0.4449
19715,0.1223
19716,0.0094
19717,0.0586
19718,0.0277
19719,0.0179
19720,0.2658
19721,0.007
19722,0.6066
19723,0.9504
19724,0.0164
19725,0.2368
19726,0.0101
19727,0.1258
19728,0.252
19729,0.0313
19730,0.0483
19731,0.3435
19732,0.1777
19733,0.0151
19734,0.2168
19735,0.0321
19736,0.049
19737,0.9593
19738,0.8132
19739,0.5593
19740,0.0107
19741,0.0166
19742,0.066
19743,0.6478
19744,0.0065
19745,0.0264
19746,0.0454
19747,0.0275
19748,0.0414
19749,0.0098
19750,0.0238
19751,0.6312
19752,0.0383
19753,0.0125
19754,0.0643
19755,0.017
19756,0.017
19757,0.0238
19758,0.7554
19759,0.3421
19760,0.0613
19761,0.0072
19762,0.0075
19763,0.0098
19764,0.7986
19765,0.0334
19766,0.8834
19767,0.3267
19768,0.9813
19769,0.0167
19770,0.0162
19771,0.0089
19772,0.0172
19773,0.1991
19774,0.9612
19775,0.0262
19776,0.0061
19777,0.2196
19778,0.097
19779,0.0974
19780,0.0144
19781,0.2126
19782,0.0386
19783,0.0675
19784,0.2659
19785,0.0598
19786,0.008
19787,0.0056
19788,0.0592
19789,0.0234
19790,0.7934
19791,0.6565
19792,0.0211
19793,0.3205
19794,0.8532
19795,0.0056
19796,0.0637
19797,0.1794
19798,0.0141
19799,0.9624
19800,0.017
19801,0.1017
19802,0.0139
19803,0.2906
19804,0.9442
19805,0.0893
19806,0.0147
19807,0.0947
19808,0.1138
19809,0.013
19810,0.0615
19811,0.0147
19812,0.0166
19813,0.0101
19814,0.0433
19815,0.0452
19816,0.1129
19817,0.0474
19818,0.0893
19819,0.0112
19820,0.0698
19821,0.0176
19822,0.0091
19823,0.058
19824,0.0547
19825,0.0615
19826,0.0806
19827,0.1977
19828,0.0873
19829,0.7358
19830,0.0249
19831,0.0575
19832,0.0874
19833,0.5695
19834,0.0199
19835,0.3902
19836,0.0191
19837,0.012
19838,0.0353
19839,0.1086
19840,0.162
19841,0.5055
19842,0.0251
19843,0.175
19844,0.0616
19845,0.5742
19846,0.0187
19847,0.0364
19848,0.1735
19849,0.0402
19850,0.0105
19851,0.0156
19852,0.1439
19853,0.0884
19854,0.9036
19855,0.0608
19856,0.0536
19857,0.6722
19858,0.1109
19859,0.8439
19860,0.65
19861,0.9899
19862,0.0622
19863,0.187
19864,0.0502
19865,0.0459
19866,0.1158
19867,0.0184
19868,0.0261
19869,0.0218
19870,0.0812
19871,0.2548
19872,0.0701
19873,0.2815
19874,0.0165
19875,0.0966
19876,0.0067
19877,0.0435
19878,0.0238
19879,0.0126
19880,0.0512
19881,0.0598
19882,0.0114
19883,0.035
19884,0.1555
19885,0.9601
19886,0.1007
19887,0.0097
19888,0.9072
19889,0.2034
19890,0.0558
19891,0.5052
19892,0.0545
19893,0.0371
19894,0.0192
19895,0.678
19896,0.0121
19897,0.6687
19898,0.0507
19899,0.0461
19900,0.1466
19901,0.2024
19902,0.0192
19903,0.1136
19904,0.0127
19905,0.0235
19906,0.1232
19907,0.0367
19908,0.0184
19909,0.2058
19910,0.7187
19911,0.2763
19912,0.0229
19913,0.0486
19914,0.0572
19915,0.3974
19916,0.0312
19917,0.0232
19918,0.0112
19919,0.0327
19920,0.0214
19921,0.056
19922,0.4887
19923,0.0271
19924,0.347
19925,0.1524
19926,0.391
19927,0.4006
19928,0.024
19929,0.312
19930,0.0294
19931,0.0487
19932,0.2059
19933,0.0061
19934,0.0286
19935,0.0276
19936,0.008
19937,0.0986
19938,0.0318
19939,0.0339
19940,0.012
19941,0.0384
19942,0.009
19943,0.0158
19944,0.0332
19945,0.0409
19946,0.0344
19947,0.0383
19948,0.1936
19949,0.0305
19950,0.1245
19951,0.2818
19952,0.0246
19953,0.3348
19954,0.0413
19955,0.0174
19956,0.3276
19957,0.0143
19958,0.0133
19959,0.0724
19960,0.0592
19961,0.0888
19962,0.0393
19963,0.0178
19964,0.0193
19965,0.0137
19966,0.3826
19967,0.2667
19968,0.7954
19969,0.591
19970,0.4514
19971,0.0097
19972,0.0145
19973,0.9016
19974,0.006
19975,0.9576
19976,0.0741
19977,0.0148
19978,0.0171
19979,0.8197
19980,0.1424
19981,0.0324
19982,0.0514
19983,0.4045
19984,0.7334
19985,0.3899
19986,0.0089
19987,0.9599
19988,0.0125
19989,0.0166
19990,0.1683
19991,0.0255
19992,0.9215
19993,0.0643
19994,0.3331
19995,0.0374
19996,0.0987
19997,0.0118
19998,0.0112
19999,0.0123
20000,0.0178
20001,0.0125
20002,0.0513
20003,0.1752
20004,0.1485
20005,0.3026
20006,0.9615
20007,0.3186
20008,0.3815
20009,0.0126
20010,0.0198
20011,0.0594
20012,0.0181
20013,0.0501
20014,0.0712
20015,0.0479
20016,0.0231
20017,0.0172
20018,0.0095
20019,0.028
20020,0.0204
20021,0.0226
20022,0.1744
20023,0.0666
20024,0.0379
20025,0.0076
20026,0.0329
20027,0.9622
20028,0.0138
20029,0.7634
20030,0.0459
20031,0.0075
20032,0.1071
20033,0.2961
20034,0.0154
20035,0.1719
20036,0.0153
20037,0.0805
20038,0.9763
20039,0.2833
20040,0.0496
20041,0.0126
20042,0.0193
20043,0.0243
20044,0.0098
20045,0.399
20046,0.8861
20047,0.9844
20048,0.0086
20049,0.7533
20050,0.1503
20051,0.0599
20052,0.0195
20053,0.9693
20054,0.0092
20055,0.1577
20056,0.018
20057,0.029
20058,0.1183
20059,0.0855
20060,0.0349
20061,0.0159
20062,0.0612
20063,0.0056
20064,0.0263
20065,0.5302
20066,0.5206
20067,0.1033
20068,0.2292
20069,0.5995
20070,0.0191
20071,0.0364
20072,0.1584
20073,0.0451
20074,0.0118
20075,0.0544
20076,0.3955
20077,0.0534
20078,0.025
20079,0.0145
20080,0.3495
20081,0.782
20082,0.0772
20083,0.1144
20084,0.9382
20085,0.0148
20086,0.0154
20087,0.0243
20088,0.0902
20089,0.0112
20090,0.241
20091,0.2196
20092,0.018
20093,0.1479
20094,0.0752
20095,0.7767
20096,0.7945
20097,0.3799
20098,0.0057
20099,0.0466
20100,0.904
20101,0.2164
20102,0.1618
20103,0.0289
20104,0.8377
20105,0.0179
20106,0.2833
20107,0.7239
20108,0.0143
20109,0.9548
20110,0.6853
20111,0.0116
20112,0.0268
20113,0.0227
20114,0.8718
20115,0.9423
20116,0.2235
20117,0.011
20118,0.0116
20119,0.0806
20120,0.0253
20121,0.0228
20122,0.3218
20123,0.045
20124,0.2427
20125,0.0816
20126,0.1221
20127,0.0668
20128,0.9411
20129,0.1727
20130,0.4273
20131,0.0191
20132,0.0662
20133,0.0067
20134,0.2025
20135,0.7401
20136,0.0185
20137,0.017
20138,0.9685
20139,0.016
20140,0.3354
20141,0.0324
20142,0.0536
20143,0.0404
20144,0.0361
20145,0.0118
20146,0.0349
20147,0.0605
20148,0.0081
20149,0.5483
20150,0.0254
20151,0.967
20152,0.0132
20153,0.1511
20154,0.015
20155,0.0275
20156,0.0219
20157,0.1682
20158,0.0169
20159,0.0629
20160,0.9735
20161,0.0451
20162,0.0113
20163,0.0179
20164,0.3217
20165,0.034
20166,0.0133
20167,0.5125
20168,0.0054
20169,0.0094
20170,0.0192
20171,0.7895
20172,0.4501
20173,0.9589
20174,0.035
20175,0.7303
20176,0.0625
20177,0.0107
20178,0.0246
20179,0.0333
20180,0.0137
20181,0.0166
20182,0.158
20183,0.0091
20184,0.9011
20185,0.3431
20186,0.0215
20187,0.0114
20188,0.198
20189,0.2367
20190,0.7931
20191,0.0226
20192,0.8912
20193,0.0738
20194,0.0207
20195,0.8528
20196,0.0101
20197,0.0204
20198,0.0156
20199,0.0259
20200,0.0057
20201,0.2201
20202,0.0158
20203,0.2789
20204,0.049
20205,0.0071
20206,0.0363
20207,0.9412
20208,0.059
20209,0.0173
20210,0.0104
20211,0.0285
20212,0.9486
20213,0.0552
20214,0.4241
20215,0.1693
20216,0.0148
20217,0.0311
20218,0.2684
20219,0.9511
20220,0.1209
20221,0.71
20222,0.0181
20223,0.0411
20224,0.0415
20225,0.085
20226,0.0105
20227,0.6446
20228,0.9266
20229,0.2892
20230,0.0091
20231,0.8027
20232,0.3963
20233,0.0304
20234,0.0117
20235,0.0317
20236,0.5165
20237,0.6321
20238,0.0761
20239,0.0075
20240,0.0098
20241,0.0659
20242,0.0208
20243,0.0107
20244,0.0081
20245,0.226
20246,0.872
20247,0.0239
20248,0.0132
20249,0.5306
20250,0.0231
20251,0.0186
20252,0.018
20253,0.0088
20254,0.0608
20255,0.1082
20256,0.7727
20257,0.9458
20258,0.3428
20259,0.3232
20260,0.0112
20261,0.4379
20262,0.0327
20263,0.9188
20264,0.0948
20265,0.3605
20266,0.8626
20267,0.6032
20268,0.055
20269,0.1066
20270,0.0536
20271,0.1988
20272,0.031
20273,0.0575
20274,0.1037
20275,0.0088
20276,0.6187
20277,0.8624
20278,0.0346
20279,0.6249
20280,0.009
20281,0.095
20282,0.0212
20283,0.7086
20284,0.0104
20285,0.7651
20286,0.0171
20287,0.0206
20288,0.0258
20289,0.9128
20290,0.0067
20291,0.0081
20292,0.9053
20293,0.7599
20294,0.0085
20295,0.0924
20296,0.3294
20297,0.0264
20298,0.0185
20299,0.9036
20300,0.2156
20301,0.0135
20302,0.9466
20303,0.0066
20304,0.2096
20305,0.008
20306,0.0124
20307,0.0699
20308,0.0599
20309,0.077
20310,0.0351
20311,0.0303
20312,0.019
20313,0.0098
20314,0.8177
20315,0.9581
20316,0.0401
20317,0.0055
20318,0.0593
20319,0.8901
20320,0.9333
20321,0.0374
20322,0.1535
20323,0.0131
20324,0.8556
20325,0.0094
20326,0.0713
20327,0.0281
20328,0.0324
20329,0.4228
20330,0.7922
20331,0.848
20332,0.6368
20333,0.1448
20334,0.9156
20335,0.6655
20336,0.0607
20337,0.0121
20338,0.2751
20339,0.748
20340,0.0184
20341,0.1142
20342,0.0155
20343,0.6861
20344,0.0102
20345,0.705
20346,0.0809
20347,0.0256
20348,0.6723
20349,0.0083
20350,0.0419
20351,0.0773
20352,0.1491
20353,0.0128
20354,0.3747
20355,0.0156
20356,0.0116
20357,0.4784
20358,0.0272
20359,0.053
20360,0.4032
20361,0.0148
20362,0.0185
20363,0.0176
20364,0.9483
20365,0.0105
20366,0.0147
20367,0.0242
20368,0.0117
20369,0.0189
20370,0.0729
20371,0.0644
20372,0.0218
20373,0.1568
20374,0.0079
20375,0.0211
20376,0.028
20377,0.6674
20378,0.0075
20379,0.2739
20380,0.0097
20381,0.6171
20382,0.0156
20383,0.93
20384,0.0221
20385,0.0106
20386,0.0079
20387,0.0466
20388,0.0384
20389,0.0781
20390,0.6064
20391,0.4993
20392,0.0876
20393,0.0418
20394,0.9488
20395,0.0246
20396,0.1025
20397,0.0084
20398,0.8868
20399,0.0187
20400,0.0692
20401,0.931
20402,0.8706
20403,0.0183
20404,0.0061
20405,0.0146
20406,0.0226
20407,0.3527
20408,0.6692
20409,0.5936
20410,0.7366
20411,0.0768
20412,0.0169
20413,0.0701
20414,0.9392
20415,0.9174
20416,0.0112
20417,0.0141
20418,0.0124
20419,0.0476
20420,0.0286
20421,0.3128
20422,0.0115
20423,0.0451
20424,0.1512
20425,0.0085
20426,0.8113
20427,0.0072
20428,0.9652
20429,0.0771
20430,0.0049
20431,0.0182
20432,0.0837
20433,0.0184
20434,0.1243
20435,0.0148
20436,0.0127
20437,0.8791
20438,0.9042
20439,0.0459
20440,0.0326
20441,0.0323
20442,0.0252
20443,0.1868
20444,0.203
20445,0.0938
20446,0.0171
20447,0.7129
20448,0.1945
20449,0.9422
20450,0.8601
20451,0.9674
20452,0.0716
20453,0.0223
20454,0.0823
20455,0.0212
20456,0.007
20457,0.0087
20458,0.2853
20459,0.7989
20460,0.3838
20461,0.0186
20462,0.0112
20463,0.0908
20464,0.014
20465,0.0105
20466,0.0217
20467,0.9346
20468,0.0456
20469,0.4309
20470,0.0062
20471,0.3349
20472,0.0898
20473,0.0241
20474,0.0086
20475,0.0621
20476,0.1514
20477,0.9347
20478,0.0551
20479,0.3107
20480,0.1349
20481,0.1328
20482,0.4245
20483,0.0184
20484,0.0131
20485,0.0082
20486,0.0288
20487,0.5328
20488,0.014
20489,0.7525
20490,0.9617
20491,0.1099
20492,0.0327
20493,0.0287
20494,0.1164
20495,0.0166
20496,0.0125
20497,0.0232
20498,0.1678
20499,0.8109
20500,0.0096
20501,0.0096
20502,0.6358
20503,0.3922
20504,0.0223
20505,0.9149
20506,0.0105
20507,0.2084
20508,0.6478
20509,0.9413
20510,0.165
20511,0.0194
20512,0.9432
20513,0.395
20514,0.0405
20515,0.7743
20516,0.0167
20517,0.0337
20518,0.0097
20519,0.0845
20520,0.0408
20521,0.7288
20522,0.0118
20523,0.0801
20524,0.0661
20525,0.0985
20526,0.0359
20527,0.1121
20528,0.0189
20529,0.1535
20530,0.0467
20531,0.0773
20532,0.1777
20533,0.0847
20534,0.0074
20535,0.0437
20536,0.0111
20537,0.8777
20538,0.0772
20539,0.0299
20540,0.484
20541,0.0128
20542,0.0954
20543,0.3326
20544,0.7565
20545,0.0689
20546,0.0237
20547,0.1328
20548,0.7439
20549,0.1155
20550,0.083
20551,0.0118
20552,0.4201
20553,0.0185
20554,0.1001
20555,0.0208
20556,0.0816
20557,0.2052
20558,0.0084
20559,0.01
20560,0.0167
20561,0.0109
20562,0.0221
20563,0.0224
20564,0.0281
20565,0.095
20566,0.1383
20567,0.0365
20568,0.0211
20569,0.0321
20570,0.0483
20571,0.007
20572,0.0442
20573,0.0135
20574,0.0989
20575,0.0207
20576,0.1153
20577,0.3159
20578,0.819
20579,0.0143
20580,0.0103
20581,0.0522
20582,0.1543
20583,0.8546
20584,0.0098
20585,0.0125
20586,0.0191
20587,0.0485
20588,0.0184
20589,0.9064
20590,0.3806
20591,0.0333
20592,0.739
20593,0.1166
20594,0.0559
20595,0.0194
20596,0.1722
20597,0.04
20598,0.6539
20599,0.0965
20600,0.5829
20601,0.0118
20602,0.4198
20603,0.0743
20604,0.0415
20605,0.0166
20606,0.2915
20607,0.0176
20608,0.9733
20609,0.8182
20610,0.2292
20611,0.0927
20612,0.0189
20613,0.317
20614,0.9629
20615,0.7353
20616,0.2406
20617,0.0239
20618,0.0226
20619,0.007
20620,0.1486
20621,0.0295
20622,0.0059
20623,0.0272
20624,0.382
20625,0.0888
20626,0.0142
20627,0.0376
20628,0.3761
20629,0.898
20630,0.0755
20631,0.024
20632,0.0497
20633,0.008
20634,0.8103
20635,0.0651
20636,0.0154
20637,0.1548
20638,0.2623
20639,0.0231
20640,0.3867
20641,0.0502
20642,0.0116
20643,0.0483
20644,0.6125
20645,0.2968
20646,0.0118
20647,0.0591
20648,0.0906
20649,0.0413
20650,0.0957
20651,0.057
20652,0.1012
20653,0.2863
20654,0.5215
20655,0.0266
20656,0.8112
20657,0.1121
20658,0.0519
20659,0.6785
20660,0.1829
20661,0.019
20662,0.0133
20663,0.0702
20664,0.0199
20665,0.0125
20666,0.0374
20667,0.0179
20668,0.0244
20669,0.3224
20670,0.9521
20671,0.0135
20672,0.9468
20673,0.1504
20674,0.0313
20675,0.0092
20676,0.1122
20677,0.0307
20678,0.0216
20679,0.0398
20680,0.551
20681,0.012
20682,0.4841
20683,0.7227
20684,0.0497
20685,0.1251
20686,0.0445
20687,0.0469
20688,0.8579
20689,0.533
20690,0.018
20691,0.0062
20692,0.4513
20693,0.0787
20694,0.0164
20695,0.01
20696,0.006
20697,0.9674
20698,0.0226
20699,0.0119
20700,0.0154
20701,0.5107
20702,0.0138
20703,0.8213
20704,0.0152
20705,0.2042
20706,0.0171
20707,0.0391
20708,0.0757
20709,0.028
20710,0.0681
20711,0.0157
20712,0.2415
20713,0.826
20714,0.8776
20715,0.0105
20716,0.0808
20717,0.1077
20718,0.1933
20719,0.0067
20720,0.1264
20721,0.1603
20722,0.1538
20723,0.0175
20724,0.0324
20725,0.0121
20726,0.0235
20727,0.9202
20728,0.0823
20729,0.017
20730,0.0973
20731,0.1375
20732,0.0497
20733,0.9179
20734,0.0678
20735,0.5541
20736,0.015
20737,0.3852
20738,0.6632
20739,0.031
20740,0.0331
20741,0.5622
20742,0.0476
20743,0.0503
20744,0.7007
20745,0.7631
20746,0.0315
20747,0.0262
20748,0.0526
20749,0.02
20750,0.2881
20751,0.9547
20752,0.0196
20753,0.2287
20754,0.1151
20755,0.0618
20756,0.1314
20757,0.0963
20758,0.0641
20759,0.2774
20760,0.0184
20761,0.053
20762,0.2865
20763,0.0176
20764,0.7769
20765,0.1226
20766,0.0621
20767,0.5558
20768,0.0263
20769,0.0285
20770,0.0112
20771,0.0484
20772,0.0199
20773,0.0049
20774,0.0249
20775,0.0163
20776,0.1116
20777,0.0206
20778,0.0306
20779,0.8384
20780,0.9319
20781,0.0277
20782,0.0906
20783,0.6682
20784,0.0243
20785,0.0148
20786,0.9687
20787,0.0433
20788,0.5873
20789,0.7373
20790,0.0382
20791,0.7587
20792,0.0147
20793,0.0085
20794,0.0082
20795,0.0606
20796,0.6818
20797,0.4448
20798,0.0152
20799,0.0975
20800,0.8138
20801,0.6271
20802,0.2215
20803,0.9016
20804,0.1394
20805,0.0372
20806,0.4315
20807,0.0206
20808,0.0481
20809,0.1992
20810,0.134
20811,0.1574
20812,0.1323
20813,0.0168
20814,0.055
20815,0.6743
20816,0.0848
20817,0.0065
20818,0.0102
20819,0.0183
20820,0.4764
20821,0.6238
20822,0.0528
20823,0.007
20824,0.0518
20825,0.1911
20826,0.0242
20827,0.1169
20828,0.2175
20829,0.2475
20830,0.7843
20831,0.2549
20832,0.0449
20833,0.7882
20834,0.4134
20835,0.0115
20836,0.8727
20837,0.0096
20838,0.0192
20839,0.0856
20840,0.0143
20841,0.0604
20842,0.2002
20843,0.0632
20844,0.0135
20845,0.5804
20846,0.0078
20847,0.0406
20848,0.0139
20849,0.0375
20850,0.0417
20851,0.0625
20852,0.9705
20853,0.0574
20854,0.0099
20855,0.1646
20856,0.2637
20857,0.5791
20858,0.959
20859,0.0689
20860,0.1504
20861,0.0209
20862,0.2441
20863,0.2942
20864,0.0161
20865,0.1586
20866,0.0227
20867,0.0099
20868,0.885
20869,0.0122
20870,0.0086
20871,0.0085
20872,0.0236
20873,0.0182
20874,0.8584
20875,0.3177
20876,0.1487
20877,0.3152
20878,0.0746
20879,0.0092
20880,0.0856
20881,0.0755
20882,0.6501
20883,0.0226
20884,0.01
20885,0.0354
20886,0.4055
20887,0.0107
20888,0.2106
20889,0.0353
20890,0.1443
20891,0.0336
20892,0.1604
20893,0.5819
20894,0.1356
20895,0.1989
20896,0.9065
20897,0.0114
20898,0.2501
20899,0.224
20900,0.0331
20901,0.0294
20902,0.1778
20903,0.7511
20904,0.0167
20905,0.0472
20906,0.0477
20907,0.0236
20908,0.0106
20909,0.0135
20910,0.2702
20911,0.4331
20912,0.0099
20913,0.7143
20914,0.0816
20915,0.116
20916,0.0074
20917,0.0869
20918,0.0349
20919,0.0121
20920,0.062
20921,0.0103
20922,0.8554
20923,0.0184
20924,0.7973
20925,0.1742
20926,0.9824
20927,0.0453
20928,0.1747
20929,0.3018
20930,0.0285
20931,0.0242
20932,0.0146
20933,0.0125
20934,0.0683
20935,0.0274
20936,0.9219
20937,0.0138
20938,0.1325
20939,0.0326
20940,0.1535
20941,0.0156
20942,0.0504
20943,0.2404
20944,0.7168
20945,0.0378
20946,0.9478
20947,0.0167
20948,0.0451
20949,0.0831
20950,0.0482
20951,0.0515
20952,0.7926
20953,0.057
20954,0.0391
20955,0.0909
20956,0.017
20957,0.0464
20958,0.0397
20959,0.6873
20960,0.0873
20961,0.0358
20962,0.0364
20963,0.0164
20964,0.1088
20965,0.0157
20966,0.5604
20967,0.059
20968,0.0392
20969,0.014
20970,0.0089
20971,0.0164
20972,0.0189
20973,0.0226
20974,0.0083
20975,0.1068
20976,0.0294
20977,0.2553
20978,0.1107
20979,0.0171
20980,0.5194
20981,0.0406
20982,0.0135
20983,0.0759
20984,0.0124
20985,0.0172
20986,0.1288
20987,0.9342
20988,0.7251
20989,0.1287
20990,0.7334
20991,0.944
20992,0.2584
20993,0.0086
20994,0.0997
20995,0.0598
20996,0.0228
20997,0.1046
20998,0.28
20999,0.0167
21000,0.9533
21001,0.0119
21002,0.7935
21003,0.0069
21004,0.6885
21005,0.0339
21006,0.8838
21007,0.0107
21008,0.1092
21009,0.06
21010,0.8962
21011,0.0415
21012,0.032
21013,0.0121
21014,0.1422
21015,0.1522
21016,0.0823
21017,0.0107
21018,0.0096
21019,0.0526
21020,0.0478
21021,0.0329
21022,0.8787
21023,0.1059
21024,0.7973
21025,0.3591
21026,0.045
21027,0.9345
21028,0.6617
21029,0.0195
21030,0.1028
21031,0.765
21032,0.0631
21033,0.8588
21034,0.8295
21035,0.0185
21036,0.9638
21037,0.4355
21038,0.0173
21039,0.9301
21040,0.0162
21041,0.1072
21042,0.0875
21043,0.0135
21044,0.699
21045,0.0354
21046,0.4387
21047,0.9241
21048,0.0351
21049,0.953
21050,0.0134
21051,0.327
21052,0.017
21053,0.0901
21054,0.6569
21055,0.0204
21056,0.0823
21057,0.9745
21058,0.0142
21059,0.8305
21060,0.8919
21061,0.182
21062,0.0121
21063,0.0164
21064,0.428
21065,0.1601
21066,0.0109
21067,0.0189
21068,0.1508
21069,0.0377
21070,0.1228
21071,0.5622
21072,0.0114
21073,0.2749
21074,0.0309
21075,0.0284
21076,0.0122
21077,0.3254
21078,0.2254
21079,0.8694
21080,0.0165
21081,0.9685
21082,0.023
21083,0.029
21084,0.3678
21085,0.011
21086,0.1029
21087,0.0708
21088,0.1322
21089,0.1487
21090,0.314
21091,0.0167
21092,0.551
21093,0.0093
21094,0.0245
21095,0.0469
21096,0.0205
21097,0.0757
21098,0.059
21099,0.0912
21100,0.0396
21101,0.0049
21102,0.0187
21103,0.1473
21104,0.1305
21105,0.0087
21106,0.7131
21107,0.0265
21108,0.1011
21109,0.9109
21110,0.7304
21111,0.9884
21112,0.007
21113,0.0209
21114,0.8597
21115,0.2168
21116,0.9561
21117,0.0383
21118,0.0119
21119,0.9166
21120,0.009
21121,0.2631
21122,0.0433
21123,0.052
21124,0.0285
21125,0.1049
21126,0.0072
21127,0.0156
21128,0.0059
21129,0.0378
21130,0.8531
21131,0.3828
21132,0.1303
21133,0.0243
21134,0.0229
21135,0.8893
21136,0.0379
21137,0.0138
21138,0.0131
21139,0.0464
21140,0.7588
21141,0.0137
21142,0.016
21143,0.0532
21144,0.0086
21145,0.0171
21146,0.0599
21147,0.462
21148,0.1147
21149,0.018
21150,0.0452
21151,0.8535
21152,0.012
21153,0.5121
21154,0.0164
21155,0.0312
21156,0.5479
21157,0.0401
21158,0.2129
21159,0.0167
21160,0.0191
21161,0.0066
21162,0.0266
21163,0.7773
21164,0.0146
21165,0.1961
21166,0.9352
21167,0.0861
21168,0.0129
21169,0.6272
21170,0.3846
21171,0.0846
21172,0.1964
21173,0.0211
21174,0.9359
21175,0.1882
21176,0.0108
21177,0.7623
21178,0.5774
21179,0.0081
21180,0.8915
21181,0.0612
21182,0.0084
21183,0.0354
21184,0.7772
21185,0.0846
21186,0.0143
21187,0.0123
21188,0.0177
21189,0.0166
21190,0.0282
21191,0.7526
21192,0.1525
21193,0.1799
21194,0.9148
21195,0.0239
21196,0.1388
21197,0.0091
21198,0.0168
21199,0.682
21200,0.0119
21201,0.0347
21202,0.011
21203,0.0904
21204,0.024
21205,0.0065
21206,0.918
21207,0.0067
21208,0.0426
21209,0.9272
21210,0.1386
21211,0.8757
21212,0.0129
21213,0.8609
21214,0.0898
21215,0.0525
21216,0.4503
21217,0.1243
21218,0.0145
21219,0.0256
21220,0.5166
21221,0.0142
21222,0.0106
21223,0.0544
21224,0.5083
21225,0.0099
21226,0.2139
21227,0.0119
21228,0.9696
21229,0.9345
21230,0.2289
21231,0.6782
21232,0.0621
21233,0.2487
21234,0.0188
21235,0.4737
21236,0.6305
21237,0.015
21238,0.0112
21239,0.0197
21240,0.0132
21241,0.3178
21242,0.9165
21243,0.1982
21244,0.0302
21245,0.9795
21246,0.0082
21247,0.0131
21248,0.0681
21249,0.9313
21250,0.0135
21251,0.0139
21252,0.1856
21253,0.0204
21254,0.028
21255,0.0683
21256,0.0584
21257,0.7314
21258,0.1706
21259,0.0391
21260,0.1188
21261,0.0171
21262,0.0571
21263,0.1242
21264,0.0082
21265,0.0225
21266,0.0055
21267,0.0237
21268,0.9489
21269,0.3319
21270,0.212
21271,0.1282
21272,0.2353
21273,0.0512
21274,0.0102
21275,0.1016
21276,0.0089
21277,0.0259
21278,0.6995
21279,0.2807
21280,0.1368
21281,0.0313
21282,0.1363
21283,0.1034
21284,0.9443
21285,0.0481
21286,0.477
21287,0.0082
21288,0.0169
21289,0.0139
21290,0.6941
21291,0.0081
21292,0.8487
21293,0.0099
21294,0.1147
21295,0.6861
21296,0.0211
21297,0.935
21298,0.1677
21299,0.849
21300,0.0656
21301,0.9686
21302,0.9076
21303,0.0062
21304,0.0058
21305,0.0236
21306,0.0262
21307,0.0094
21308,0.1499
21309,0.2143
21310,0.0216
21311,0.1268
21312,0.5148
21313,0.0128
21314,0.1284
21315,0.0837
21316,0.3404
21317,0.5009
21318,0.8315
21319,0.0343
21320,0.0515
21321,0.0259
21322,0.0197
21323,0.9539
21324,0.0172
21325,0.0493
21326,0.7681
21327,0.0069
21328,0.0227
21329,0.0382
21330,0.0072
21331,0.0127
21332,0.3478
21333,0.008
21334,0.6919
21335,0.4179
21336,0.0189
21337,0.3277
21338,0.7067
21339,0.2295
21340,0.0237
21341,0.0109
21342,0.11
21343,0.0312
21344,0.0151
21345,0.0391
21346,0.0173
21347,0.0809
21348,0.9667
21349,0.0075
21350,0.0834
21351,0.8592
21352,0.0084
21353,0.9143
21354,0.01
21355,0.1164
21356,0.0112
21357,0.0194
21358,0.5773
21359,0.5714
21360,0.2181
21361,0.9859
21362,0.0283
21363,0.0312
21364,0.0108
21365,0.0237
21366,0.0202
21367,0.6119
21368,0.9456
21369,0.009
21370,0.8614
21371,0.8858
21372,0.02
21373,0.0074
21374,0.0187
21375,0.0138
21376,0.3903
21377,0.1754
21378,0.927
21379,0.1886
21380,0.7437
21381,0.0144
21382,0.1215
21383,0.0074
21384,0.0088
21385,0.0833
21386,0.8713
21387,0.1394
21388,0.3119
21389,0.0508
21390,0.0164
21391,0.067
21392,0.0267
21393,0.0164
21394,0.057
21395,0.6742
21396,0.071
21397,0.9469
21398,0.0178
21399,0.1085
21400,0.7935
21401,0.0048
21402,0.0379
21403,0.0783
21404,0.0368
21405,0.0123
21406,0.0044
21407,0.0172
21408,0.0239
21409,0.039
21410,0.1329
21411,0.1537
21412,0.0374
21413,0.0134
21414,0.0198
21415,0.0123
21416,0.0256
21417,0.0629
21418,0.0088
21419,0.0248
21420,0.0188
21421,0.1478
21422,0.0436
21423,0.0252
21424,0.281
21425,0.63
21426,0.1154
21427,0.0452
21428,0.0848
21429,0.4883
21430,0.0118
21431,0.0634
21432,0.3633
21433,0.009
21434,0.0125
21435,0.0094
21436,0.0648
21437,0.2651
21438,0.0112
21439,0.281
21440,0.0148
21441,0.0422
21442,0.0128
21443,0.0433
21444,0.0067
21445,0.2106
21446,0.0192
21447,0.0137
21448,0.0457
21449,0.0365
21450,0.117
21451,0.7262
21452,0.6143
21453,0.0382
21454,0.0181
21455,0.5639
21456,0.0698
21457,0.007
21458,0.3072
21459,0.2138
21460,0.0121
21461,0.0155
21462,0.9201
21463,0.0089
21464,0.0675
21465,0.4075
21466,0.0953
21467,0.6525
21468,0.0094
21469,0.0404
21470,0.2511
21471,0.0328
21472,0.4715
21473,0.0378
21474,0.6188
21475,0.0079
21476,0.0076
21477,0.0115
21478,0.0141
21479,0.8224
21480,0.0223
21481,0.0123
21482,0.0255
21483,0.6388
21484,0.0416
21485,0.0436
21486,0.06
21487,0.1334
21488,0.6528
21489,0.0248
21490,0.0084
21491,0.0092
21492,0.0434
21493,0.4455
21494,0.0563
21495,0.1174
21496,0.0148
21497,0.0105
21498,0.0425
21499,0.3247
21500,0.225
21501,0.0297
21502,0.044
21503,0.1566
21504,0.1535
21505,0.6993
21506,0.0188
21507,0.0151
21508,0.4094
21509,0.0123
21510,0.7198
21511,0.6059
21512,0.0118
21513,0.0764
21514,0.044
21515,0.071
21516,0.5581
21517,0.0623
21518,0.0264
21519,0.0567
21520,0.0351
21521,0.0354
21522,0.0168
21523,0.026
21524,0.0175
21525,0.0676
21526,0.7446
21527,0.0101
21528,0.0096
21529,0.0149
21530,0.2937
21531,0.314
21532,0.6981
21533,0.0186
21534,0.1347
21535,0.4302
21536,0.8381
21537,0.2034
21538,0.0068
21539,0.6834
21540,0.0423
21541,0.1372
21542,0.0696
21543,0.5278
21544,0.0406
21545,0.863
21546,0.444
21547,0.0094
21548,0.0219
21549,0.2698
21550,0.8326
21551,0.0975
21552,0.0263
21553,0.0109
21554,0.0157
21555,0.0881
21556,0.0825
21557,0.0145
21558,0.0739
21559,0.8421
21560,0.0149
21561,0.0189
21562,0.0217
21563,0.0257
21564,0.0072
21565,0.0129
21566,0.2644
21567,0.0118
21568,0.2141
21569,0.0159
21570,0.6066
21571,0.0447
21572,0.6592
21573,0.0422
21574,0.0102
21575,0.9111
21576,0.5805
21577,0.1858
21578,0.0311
21579,0.0344
21580,0.0194
21581,0.1867
21582,0.1698
21583,0.1867
21584,0.0265
21585,0.1188
21586,0.8227
21587,0.0246
21588,0.5434
21589,0.0363
21590,0.2473
21591,0.06
21592,0.0252
21593,0.9119
21594,0.0089
21595,0.0189
21596,0.0446
21597,0.085
21598,0.8178
21599,0.0079
21600,0.5604
21601,0.0883
21602,0.3256
21603,0.878
21604,0.0285
21605,0.1118
21606,0.0098
21607,0.0855
21608,0.0978
21609,0.4346
21610,0.075
21611,0.2289
21612,0.0181
21613,0.0236
21614,0.2178
21615,0.0172
21616,0.2324
21617,0.615
21618,0.0127
21619,0.4458
21620,0.0114
21621,0.016
21622,0.7888
21623,0.032
21624,0.4697
21625,0.2375
21626,0.1074
21627,0.2503
21628,0.0381
21629,0.0578
21630,0.0254
21631,0.0378
21632,0.7967
21633,0.0205
21634,0.1802
21635,0.0067
21636,0.1038
21637,0.0289
21638,0.0705
21639,0.8508
21640,0.7908
21641,0.15
21642,0.0293
21643,0.0405
21644,0.0324
21645,0.0169
21646,0.1636
21647,0.0186
21648,0.9873
21649,0.1252
21650,0.0697
21651,0.1724
21652,0.0102
21653,0.2217
21654,0.0078
21655,0.019
21656,0.0599
21657,0.1999
21658,0.0403
21659,0.0065
21660,0.2066
21661,0.0403
21662,0.3279
21663,0.0595
21664,0.1915
21665,0.0105
21666,0.1614
21667,0.0586
21668,0.0116
21669,0.0568
21670,0.7797
21671,0.0092
21672,0.1246
21673,0.4149
21674,0.0361
21675,0.7873
21676,0.1205
21677,0.0151
21678,0.1644
21679,0.0056
21680,0.2236
21681,0.0376
21682,0.0066
21683,0.2716
21684,0.4837
21685,0.3524
21686,0.0089
21687,0.0065
21688,0.0112
21689,0.7087
21690,0.4715
21691,0.0412
21692,0.5822
21693,0.0303
21694,0.4694
21695,0.0198
21696,0.0121
21697,0.0175
21698,0.0145
21699,0.0795
21700,0.9043
21701,0.1545
21702,0.0837
21703,0.0161
21704,0.1579
21705,0.0499
21706,0.3764
21707,0.0183
21708,0.0101
21709,0.1021
21710,0.0262
21711,0.2426
21712,0.0895
21713,0.6793
21714,0.2953
21715,0.0119
21716,0.9162
21717,0.0181
21718,0.2426
21719,0.9156
21720,0.1654
21721,0.0277
21722,0.021
21723,0.029
21724,0.4635
21725,0.0607
21726,0.4105
21727,0.0148
21728,0.0191
21729,0.0348
21730,0.0219
21731,0.6411
21732,0.01
21733,0.0428
21734,0.4854
21735,0.0932
21736,0.4945
21737,0.0189
21738,0.1139
21739,0.0651
21740,0.9119
21741,0.0085
21742,0.0473
21743,0.6556
21744,0.6229
21745,0.073
21746,0.06
21747,0.8627
21748,0.0165
21749,0.0084
21750,0.0232
21751,0.0296
21752,0.359
21753,0.0486
21754,0.931
21755,0.0215
21756,0.4094
21757,0.0091
21758,0.778
21759,0.018
21760,0.0839
21761,0.9559
21762,0.0554
21763,0.0061
21764,0.9513
21765,0.0531
21766,0.8296
21767,0.1077
21768,0.9328
21769,0.2255
21770,0.0399
21771,0.0842
21772,0.0151
21773,0.0167
21774,0.0127
21775,0.3743
21776,0.0447
21777,0.0395
21778,0.0232
21779,0.0265
21780,0.58
21781,0.0076
21782,0.8742
21783,0.026
21784,0.024
21785,0.0334
21786,0.1706
21787,0.0134
21788,0.0083
21789,0.0426
21790,0.0074
21791,0.0225
21792,0.628
21793,0.7091
21794,0.5822
21795,0.018
21796,0.2039
21797,0.9101
21798,0.1204
21799,0.9634
21800,0.6795
21801,0.0381
21802,0.0094
21803,0.0466
21804,0.4009
21805,0.7692
21806,0.2861
21807,0.0126
21808,0.9254
21809,0.5401
21810,0.0149
21811,0.7608
21812,0.0083
21813,0.0174
21814,0.7843
21815,0.5769
21816,0.9266
21817,0.3832
21818,0.5259
21819,0.0097
21820,0.0161
21821,0.1323
21822,0.0394
21823,0.0218
21824,0.0104
21825,0.0218
21826,0.0156
21827,0.4515
21828,0.9251
21829,0.0119
21830,0.0244
21831,0.0296
21832,0.0193
21833,0.162
21834,0.773
21835,0.2092
21836,0.6846
21837,0.0429
21838,0.0079
21839,0.2102
21840,0.0113
21841,0.2026
21842,0.5275
21843,0.14
21844,0.63
21845,0.0176
21846,0.0133
21847,0.0417
21848,0.0278
21849,0.9395
21850,0.0086
21851,0.2455
21852,0.921
21853,0.1835
21854,0.0607
21855,0.0182
21856,0.0248
21857,0.0168
21858,0.0531
21859,0.0227
21860,0.3541
21861,0.015
21862,0.0069
21863,0.0095
21864,0.0208
21865,0.0117
21866,0.5863
21867,0.0068
21868,0.0201
21869,0.111
21870,0.0084
21871,0.0699
21872,0.0084
21873,0.2045
21874,0.0122
21875,0.0301
21876,0.7965
21877,0.0595
21878,0.5435
21879,0.7233
21880,0.0323
21881,0.1032
21882,0.0172
21883,0.0079
21884,0.9366
21885,0.0124
21886,0.1032
21887,0.56
21888,0.3228
21889,0.0152
21890,0.8538
21891,0.0234
21892,0.6337
21893,0.0436
21894,0.9548
21895,0.0333
21896,0.0201
21897,0.021
21898,0.6474
21899,0.8466
21900,0.0148
21901,0.0131
21902,0.1333
21903,0.0265
21904,0.0764
21905,0.012
21906,0.0732
21907,0.1841
21908,0.0725
21909,0.8245
21910,0.1043
21911,0.0328
21912,0.0078
21913,0.0206
21914,0.017
21915,0.0307
21916,0.1605
21917,0.0176
21918,0.0931
21919,0.0542
21920,0.2587
21921,0.1585
21922,0.16
21923,0.1512
21924,0.0138
21925,0.1618
21926,0.0468
21927,0.0372
21928,0.0908
21929,0.1393
21930,0.0175
21931,0.0299
21932,0.9176
21933,0.0102
21934,0.0243
21935,0.0176
21936,0.9047
21937,0.0172
21938,0.0082
21939,0.0334
21940,0.0816
21941,0.0103
21942,0.3153
21943,0.0112
21944,0.0061
21945,0.0142
21946,0.0253
21947,0.015
21948,0.0128
21949,0.0072
21950,0.0783
21951,0.0069
21952,0.0149
21953,0.616
21954,0.6392
21955,0.4426
21956,0.649
21957,0.0759
21958,0.0201
21959,0.955
21960,0.0468
21961,0.0494
21962,0.0055
21963,0.1544
21964,0.1093
21965,0.013
21966,0.2083
21967,0.098
21968,0.4934
21969,0.0135
21970,0.9652
21971,0.6819
21972,0.0923
21973,0.0417
21974,0.6087
21975,0.0477
21976,0.0081
21977,0.0298
21978,0.0759
21979,0.0095
21980,0.0136
21981,0.0953
21982,0.4604
21983,0.0266
21984,0.2662
21985,0.9531
21986,0.9593
21987,0.9642
21988,0.0078
21989,0.056
21990,0.1132
21991,0.0158
21992,0.009
21993,0.0092
21994,0.1612
21995,0.1602
21996,0.0462
21997,0.0203
21998,0.4154
21999,0.7493
22000,0.0116
22001,0.6076
22002,0.6695
22003,0.0091
22004,0.0145
22005,0.2341
22006,0.9527
22007,0.2477
22008,0.297
22009,0.0128
22010,0.1705
22011,0.9436
22012,0.0357
22013,0.4654
22014,0.0352
22015,0.0433
22016,0.02
22017,0.1402
22018,0.0575
22019,0.1154
22020,0.2042
22021,0.1101
22022,0.6305
22023,0.0432
22024,0.0761
22025,0.0227
22026,0.8064
22027,0.2601
22028,0.0916
22029,0.0099
22030,0.0727
22031,0.0164
22032,0.17
22033,0.0267
22034,0.6621
22035,0.0868
22036,0.3022
22037,0.0954
22038,0.2122
22039,0.0409
22040,0.0351
22041,0.0965
22042,0.007
22043,0.0243
22044,0.0309
22045,0.074
22046,0.0204
22047,0.3379
22048,0.0605
22049,0.0326
22050,0.0195
22051,0.1273
22052,0.0138
22053,0.0317
22054,0.1762
22055,0.1128
22056,0.6002
22057,0.5241
22058,0.026
22059,0.6804
22060,0.0143
22061,0.4752
22062,0.0905
22063,0.1933
22064,0.0268
22065,0.0128
22066,0.1753
22067,0.0404
22068,0.1017
22069,0.0105
22070,0.1951
22071,0.0188
22072,0.0797
22073,0.0399
22074,0.8187
22075,0.9755
22076,0.0367
22077,0.0617
22078,0.0649
22079,0.0055
22080,0.0829
22081,0.0089
22082,0.9422
22083,0.7602
22084,0.0062
22085,0.6625
22086,0.0115
22087,0.0102
22088,0.0096
22089,0.0082
22090,0.0164
22091,0.0189
22092,0.0065
22093,0.2104
22094,0.1028
22095,0.0274
22096,0.0103
22097,0.5728
22098,0.4104
22099,0.0237
22100,0.0457
22101,0.0607
22102,0.0387
22103,0.5285
22104,0.0129
22105,0.009
22106,0.0083
22107,0.2274
22108,0.7379
22109,0.4595
22110,0.0467
22111,0.1933
22112,0.0574
22113,0.9048
22114,0.0511
22115,0.6435
22116,0.0475
22117,0.2003
22118,0.0297
22119,0.0118
22120,0.0157
22121,0.1854
22122,0.2038
22123,0.8406
22124,0.1164
22125,0.0318
22126,0.8365
22127,0.9066
22128,0.0243
22129,0.0482
22130,0.0146
22131,0.1491
22132,0.0719
22133,0.0272
22134,0.151
22135,0.3378
22136,0.0081
22137,0.9149
22138,0.1511
22139,0.5895
22140,0.1248
22141,0.0333
22142,0.2238
22143,0.0328
22144,0.3391
22145,0.9217
22146,0.0219
22147,0.0542
22148,0.0167
22149,0.0106
22150,0.0127
22151,0.2571
22152,0.0072
22153,0.0564
22154,0.028
22155,0.0477
22156,0.1165
22157,0.0187
22158,0.2839
22159,0.7356
22160,0.0139
22161,0.01
22162,0.0308
22163,0.0153
22164,0.0237
22165,0.053
22166,0.0551
22167,0.434
22168,0.0712
22169,0.0553
22170,0.0198
22171,0.4879
22172,0.025
22173,0.0181
22174,0.8742
22175,0.0132
22176,0.0074
22177,0.5704
22178,0.0209
22179,0.0119
22180,0.0286
22181,0.0151
22182,0.044
22183,0.7873
22184,0.0214
22185,0.0154
22186,0.8776
22187,0.7049
22188,0.0212
22189,0.509
22190,0.006
22191,0.7051
22192,0.4051
22193,0.6915
22194,0.0866
22195,0.0224
22196,0.0306
22197,0.1991
22198,0.1857
22199,0.0128
22200,0.7523
22201,0.1297
22202,0.0076
22203,0.0318
22204,0.015
22205,0.0785
22206,0.0721
22207,0.674
22208,0.0168
22209,0.2346
22210,0.0293
22211,0.5871
22212,0.0391
22213,0.0393
22214,0.0371
22215,0.0141
22216,0.7722
22217,0.0075
22218,0.106
22219,0.0102
22220,0.813
22221,0.0234
22222,0.0733
22223,0.5405
22224,0.0406
22225,0.0631
22226,0.0084
22227,0.0232
22228,0.688
22229,0.0482
22230,0.7746
22231,0.6481
22232,0.1653
22233,0.0096
22234,0.0759
22235,0.011
22236,0.0892
22237,0.0298
22238,0.7563
22239,0.1697
22240,0.0121
22241,0.0482
22242,0.088
22243,0.0121
22244,0.0082
22245,0.0399
22246,0.3134
22247,0.0162
22248,0.0629
22249,0.0372
22250,0.0533
22251,0.0128
22252,0.8666
22253,0.0364
22254,0.0281
22255,0.0189
22256,0.0504
22257,0.0754
22258,0.0716
22259,0.0118
22260,0.0146
22261,0.0103
22262,0.3244
22263,0.9691
22264,0.0072
22265,0.0114
22266,0.0134
22267,0.0179
22268,0.3123
22269,0.0126
22270,0.0107
22271,0.0129
22272,0.0764
22273,0.6896
22274,0.0245
22275,0.5025
22276,0.3414
22277,0.9132
22278,0.1928
22279,0.0108
22280,0.8526
22281,0.3411
22282,0.555
22283,0.8481
22284,0.1328
22285,0.0159
22286,0.0135
22287,0.124
22288,0.1534
22289,0.0377
22290,0.016
22291,0.0468
22292,0.0577
22293,0.9693
22294,0.0142
22295,0.1423
22296,0.8518
22297,0.9059
22298,0.9297
22299,0.0356
22300,0.0273
22301,0.0129
22302,0.0253
22303,0.7448
22304,0.0242
22305,0.0652
22306,0.0526
22307,0.0046
22308,0.5981
22309,0.1078
22310,0.9206
22311,0.0325
22312,0.8925
22313,0.0132
22314,0.0134
22315,0.0214
22316,0.0707
22317,0.1145
22318,0.9526
22319,0.2318
22320,0.4676
22321,0.0253
22322,0.0618
22323,0.0098
22324,0.0212
22325,0.0859
22326,0.7377
22327,0.2672
22328,0.0132
22329,0.2564
22330,0.5463
22331,0.1943
22332,0.0199
22333,0.0363
22334,0.1306
22335,0.1375
22336,0.178
22337,0.0191
22338,0.0518
22339,0.1407
22340,0.0453
22341,0.052
22342,0.0217
22343,0.0114
22344,0.1047
22345,0.0115
22346,0.5016
22347,0.7518
22348,0.8569
22349,0.9361
22350,0.0385
22351,0.0775
22352,0.1645
22353,0.025
22354,0.0777
22355,0.2442
22356,0.5209
22357,0.0225
22358,0.0733
22359,0.0103
22360,0.6618
22361,0.0316
22362,0.0337
22363,0.5969
22364,0.0408
22365,0.0765
22366,0.0362
22367,0.0738
22368,0.0978
22369,0.0116
22370,0.0202
22371,0.9637
22372,0.8422
22373,0.1884
22374,0.943
22375,0.1391
22376,0.5587
22377,0.0441
22378,0.6109
22379,0.8855
22380,0.0223
22381,0.8198
22382,0.0912
22383,0.9609
22384,0.0249
22385,0.7511
22386,0.052
22387,0.9797
22388,0.0341
22389,0.4718
22390,0.0113
22391,0.024
22392,0.0439
22393,0.1749
22394,0.9737
22395,0.0198
22396,0.0622
22397,0.7912
22398,0.0353
22399,0.6582
22400,0.3704
22401,0.1549
22402,0.0312
22403,0.2188
22404,0.0136
22405,0.3354
22406,0.0356
22407,0.0156
22408,0.0122
22409,0.0394
22410,0.3704
22411,0.3856
22412,0.7838
22413,0.0157
22414,0.0625
22415,0.1142
22416,0.0124
22417,0.1243
22418,0.5548
22419,0.0275
22420,0.8168
22421,0.9468
22422,0.267
22423,0.0102
22424,0.01
22425,0.8757
22426,0.3175
22427,0.016
22428,0.2609
22429,0.1486
22430,0.9817
22431,0.0235
22432,0.6935
22433,0.102
22434,0.0251
22435,0.059
22436,0.4883
22437,0.0093
22438,0.1288
22439,0.0071
22440,0.0132
22441,0.0093
22442,0.0786
22443,0.0118
22444,0.012
22445,0.0171
22446,0.0661
22447,0.0287
22448,0.6691
22449,0.0451
22450,0.1886
22451,0.0518
22452,0.4304
22453,0.0185
22454,0.0293
22455,0.0144
22456,0.9727
22457,0.2189
22458,0.0302
22459,0.066
22460,0.01
22461,0.0103
22462,0.116
22463,0.0255
22464,0.4912
22465,0.7851
22466,0.149
22467,0.0139
22468,0.0102
22469,0.0269
22470,0.6398
22471,0.5738
22472,0.8818
22473,0.0178
22474,0.032
22475,0.0658
22476,0.0079
22477,0.0077
22478,0.4611
22479,0.0419
22480,0.0634
22481,0.1141
22482,0.1282
22483,0.0451
22484,0.5212
22485,0.0119
22486,0.748
22487,0.85
22488,0.9297
22489,0.9752
22490,0.0644
22491,0.0092
22492,0.0388
22493,0.0555
22494,0.1286
22495,0.4871
22496,0.0156
22497,0.0108
22498,0.2204
22499,0.0112
22500,0.0212
22501,0.0118
22502,0.0256
22503,0.0233
22504,0.0926
22505,0.0244
22506,0.9651
22507,0.4595
22508,0.0177
22509,0.9316
22510,0.029
22511,0.8952
22512,0.0469
22513,0.0082
22514,0.0903
22515,0.5126
22516,0.0135
22517,0.7741
22518,0.0502
22519,0.019
22520,0.9624
22521,0.1118
22522,0.0605
22523,0.3547
22524,0.0438
22525,0.0606
22526,0.0432
22527,0.9729
22528,0.0155
22529,0.9127
22530,0.1642
22531,0.1747
22532,0.146
22533,0.0472
22534,0.0988
22535,0.5694
22536,0.6096
22537,0.0415
22538,0.0436
22539,0.2176
22540,0.0227
22541,0.0257
22542,0.0218
22543,0.0269
22544,0.0483
22545,0.0098
22546,0.6343
22547,0.0115
22548,0.6307
22549,0.0364
22550,0.3074
22551,0.8445
22552,0.0578
22553,0.0158
22554,0.7692
22555,0.5248
22556,0.0099
22557,0.1024
22558,0.219
22559,0.127
22560,0.2613
22561,0.0417
22562,0.0063
22563,0.0798
22564,0.9037
22565,0.5128
22566,0.365
22567,0.007
22568,0.0979
22569,0.0727
22570,0.01
22571,0.0823
22572,0.0247
22573,0.0856
22574,0.0062
22575,0.2643
22576,0.7615
22577,0.1777
22578,0.3399
22579,0.0079
22580,0.4822
22581,0.008
22582,0.4951
22583,0.4941
22584,0.9664
22585,0.0161
22586,0.0102
22587,0.018
22588,0.0566
22589,0.0715
22590,0.967
22591,0.0244
22592,0.0092
22593,0.0183
22594,0.1955
22595,0.4052
22596,0.0744
22597,0.2004
22598,0.3987
22599,0.0568
22600,0.0203
22601,0.1159
22602,0.0269
22603,0.9661
22604,0.0065
22605,0.0121
22606,0.0645
22607,0.0554
22608,0.8787
22609,0.017
22610,0.0276
22611,0.0102
22612,0.9098
22613,0.0322
22614,0.8957
22615,0.0253
22616,0.1197
22617,0.0267
22618,0.014
22619,0.913
22620,0.9349
22621,0.0196
22622,0.0206
22623,0.0387
22624,0.1976
22625,0.0071
22626,0.033
22627,0.863
22628,0.1406
22629,0.0556
22630,0.6575
22631,0.0112
22632,0.9291
22633,0.074
22634,0.5863
22635,0.0717
22636,0.5181
22637,0.8644
22638,0.0963
22639,0.1021
22640,0.44
22641,0.1148
22642,0.0089
22643,0.0115
22644,0.0247
22645,0.0363
22646,0.0079
22647,0.1142
22648,0.0236
22649,0.9134
22650,0.0098
22651,0.0216
22652,0.0324
22653,0.3392
22654,0.7476
22655,0.0305
22656,0.6225
22657,0.0144
22658,0.0151
22659,0.7367
22660,0.0138
22661,0.038
22662,0.7535
22663,0.0856
22664,0.0136
22665,0.0197
22666,0.0093
22667,0.0282
22668,0.0487
22669,0.0319
22670,0.01
22671,0.0168
22672,0.0551
22673,0.0225
22674,0.0164
22675,0.0783
22676,0.0144
22677,0.843
22678,0.0122
22679,0.0339
22680,0.1595
22681,0.0086
22682,0.0978
22683,0.0128
22684,0.0098
22685,0.359
22686,0.7577
22687,0.0468
22688,0.013
22689,0.0539
22690,0.0393
22691,0.0541
22692,0.949
22693,0.2288
22694,0.8916
22695,0.694
22696,0.2399
22697,0.0443
22698,0.0184
22699,0.0385
22700,0.0064
22701,0.2832
22702,0.0109
22703,0.0583
22704,0.0159
22705,0.0246
22706,0.1711
22707,0.1018
22708,0.0209
22709,0.0178
22710,0.7721
22711,0.1821
22712,0.006
22713,0.506
22714,0.032
22715,0.1992
22716,0.0119
22717,0.1183
22718,0.0296
22719,0.068
22720,0.0251
22721,0.0366
22722,0.1734
22723,0.0318
22724,0.4598
22725,0.033
22726,0.1223
22727,0.0243
22728,0.0423
22729,0.0099
22730,0.0172
22731,0.1581
22732,0.0401
22733,0.7755
22734,0.0178
22735,0.0062
22736,0.0968
22737,0.0317
22738,0.0072
22739,0.009
22740,0.0075
22741,0.0217
22742,0.0158
22743,0.0097
22744,0.0518
22745,0.0572
22746,0.0347
22747,0.0138
22748,0.5603
22749,0.6173
22750,0.0141
22751,0.0088
22752,0.0216
22753,0.3122
22754,0.1595
22755,0.169
22756,0.0178
22757,0.049
22758,0.8225
22759,0.0423
22760,0.0186
22761,0.029
22762,0.0287
22763,0.6276
22764,0.0144
22765,0.8672
22766,0.1553
22767,0.0608
22768,0.0729
22769,0.0059
22770,0.4408
22771,0.1681
22772,0.0288
22773,0.4766
22774,0.6105
22775,0.0584
22776,0.4772
22777,0.0083
22778,0.2232
22779,0.0108
22780,0.1347
22781,0.6483
22782,0.0109
22783,0.0168
22784,0.0354
22785,0.0124
22786,0.0398
22787,0.5238
22788,0.0138
22789,0.6581
22790,0.1552
22791,0.0096
22792,0.0535
22793,0.0101
22794,0.0153
22795,0.3495
22796,0.7697
22797,0.009
22798,0.0246
22799,0.1525
22800,0.0224
22801,0.0059
22802,0.1112
22803,0.041
22804,0.0459
22805,0.018
22806,0.0168
22807,0.0385
22808,0.0771
22809,0.0393
22810,0.0863
22811,0.0148
22812,0.0091
22813,0.0084
22814,0.8585
22815,0.6802
22816,0.0537
22817,0.0245
22818,0.0859
22819,0.0733
22820,0.0997
22821,0.0161
22822,0.4736
22823,0.0115
22824,0.0174
22825,0.0192
22826,0.2893
22827,0.0858
22828,0.0237
22829,0.0381
22830,0.0153
22831,0.0437
22832,0.039
22833,0.1721
22834,0.9205
22835,0.9401
22836,0.0379
22837,0.0973
22838,0.5044
22839,0.6969
22840,0.8351
22841,0.0119
22842,0.0111
22843,0.0258
22844,0.0541
22845,0.8023
22846,0.8471
22847,0.0056
22848,0.4605
22849,0.0167
22850,0.0307
22851,0.1056
22852,0.027
22853,0.8399
22854,0.0733
22855,0.1345
22856,0.0218
22857,0.4784
22858,0.9398
22859,0.0351
22860,0.024
22861,0.0215
22862,0.9558
22863,0.0184
22864,0.2232
22865,0.1957
22866,0.1604
22867,0.0105
22868,0.0412
22869,0.9066
22870,0.0156
22871,0.0438
22872,0.0165
22873,0.0161
22874,0.0763
22875,0.5836
22876,0.5986
22877,0.9644
22878,0.0143
22879,0.1166
22880,0.8739
22881,0.0807
22882,0.2295
22883,0.0835
22884,0.2282
22885,0.7933
22886,0.1299
22887,0.3095
22888,0.0497
22889,0.0084
22890,0.0823
22891,0.0723
22892,0.1582
22893,0.5566
22894,0.107
22895,0.0573
22896,0.748
22897,0.0199
22898,0.2128
22899,0.9063
22900,0.0421
22901,0.0879
22902,0.0146
22903,0.8946
22904,0.1626
22905,0.0854
22906,0.1406
22907,0.1247
22908,0.0112
22909,0.0613
22910,0.377
22911,0.0566
22912,0.2161
22913,0.0125
22914,0.0292
22915,0.0597
22916,0.0222
22917,0.0178
22918,0.0092
22919,0.9193
22920,0.0231
22921,0.898
22922,0.5533
22923,0.0571
22924,0.0151
22925,0.0178
22926,0.0137
22927,0.0218
22928,0.0198
22929,0.0532
22930,0.0692
22931,0.0266
22932,0.0346
22933,0.8866
22934,0.0071
22935,0.0135
22936,0.7458
22937,0.0568
22938,0.0563
22939,0.2735
22940,0.0343
22941,0.9572
22942,0.0055
22943,0.0085
22944,0.0166
22945,0.0268
22946,0.0187
22947,0.1214
22948,0.0106
22949,0.1279
22950,0.0285
22951,0.0185
22952,0.0574
22953,0.8479
22954,0.0392
22955,0.0184
22956,0.123
22957,0.0081
22958,0.0667
22959,0.0124
22960,0.4336
22961,0.0163
22962,0.3376
22963,0.1939
22964,0.0773
22965,0.0336
22966,0.139
22967,0.0088
22968,0.9663
22969,0.0086
22970,0.1828
22971,0.0094
22972,0.0156
22973,0.0302
22974,0.3266
22975,0.1406
22976,0.0103
22977,0.0095
22978,0.012
22979,0.6053
22980,0.1202
22981,0.0103
22982,0.4694
22983,0.0315
22984,0.0805
22985,0.0113
22986,0.0102
22987,0.0103
22988,0.143
22989,0.4447
22990,0.0094
22991,0.0207
22992,0.0674
22993,0.0155
22994,0.0159
22995,0.0184
22996,0.0185
22997,0.0153
22998,0.0174
22999,0.0403
23000,0.0242
23001,0.3854
23002,0.482
23003,0.1466
23004,0.3881
23005,0.0168
23006,0.0134
23007,0.1063
23008,0.1296
23009,0.961
23010,0.0142
23011,0.0182
23012,0.1179
23013,0.9523
23014,0.0104
23015,0.436
23016,0.3935
23017,0.94
23018,0.0873
23019,0.0065
23020,0.0062
23021,0.9676
23022,0.0072
23023,0.1247
23024,0.9066
23025,0.1642
23026,0.5425
23027,0.297
23028,0.0304
23029,0.213
23030,0.1206
23031,0.1744
23032,0.1709
23033,0.04
23034,0.0081
23035,0.0176
23036,0.196
23037,0.1011
23038,0.0157
23039,0.1137
23040,0.9689
23041,0.014
23042,0.1803
23043,0.1401
23044,0.01
23045,0.9399
23046,0.0213
23047,0.0175
23048,0.018
23049,0.0296
23050,0.9518
23051,0.3348
23052,0.0617
23053,0.0084
23054,0.0107
23055,0.8015
23056,0.0219
23057,0.3556
23058,0.099
23059,0.0091
23060,0.0811
23061,0.041
23062,0.0682
23063,0.3033
23064,0.8977
23065,0.0257
23066,0.3376
23067,0.2212
23068,0.7776
23069,0.0166
23070,0.0102
23071,0.8346
23072,0.0818
23073,0.5459
23074,0.0309
23075,0.0284
23076,0.0751
23077,0.0436
23078,0.0189
23079,0.1661
23080,0.0094
23081,0.06
23082,0.0474
23083,0.0139
23084,0.6735
23085,0.0354
23086,0.0089
23087,0.5998
23088,0.1689
23089,0.131
23090,0.0085
23091,0.0552
23092,0.0082
23093,0.169
23094,0.0968
23095,0.0052
23096,0.066
23097,0.069
23098,0.2833
23099,0.0205
23100,0.0307
23101,0.9271
23102,0.0241
23103,0.0295
23104,0.0257
23105,0.4161
23106,0.0156
23107,0.0144
23108,0.0135
23109,0.6912
23110,0.209
23111,0.0169
23112,0.1008
23113,0.0358
23114,0.0075
23115,0.4628
23116,0.0319
23117,0.9129
23118,0.0146
23119,0.0134
23120,0.0106
23121,0.0199
23122,0.0077
23123,0.3331
23124,0.9598
23125,0.1584
23126,0.102
23127,0.0137
23128,0.039
23129,0.8801
23130,0.0063
23131,0.0312
23132,0.0171
23133,0.3306
23134,0.7064
23135,0.5151
23136,0.04
23137,0.1433
23138,0.1771
23139,0.0068
23140,0.8057
23141,0.0242
23142,0.4413
23143,0.019
23144,0.8873
23145,0.0905
23146,0.806
23147,0.112
23148,0.0081
23149,0.0088
23150,0.0596
23151,0.0125
23152,0.0139
23153,0.095
23154,0.6444
23155,0.0468
23156,0.0157
23157,0.0482
23158,0.04
23159,0.0376
23160,0.0532
23161,0.1091
23162,0.9672
23163,0.136
23164,0.0098
23165,0.0616
23166,0.9352
23167,0.0662
23168,0.4313
23169,0.1506
23170,0.0179
23171,0.6366
23172,0.4117
23173,0.0251
23174,0.0183
23175,0.0076
23176,0.3294
23177,0.0559
23178,0.7719
23179,0.0107
23180,0.0138
23181,0.4107
23182,0.2409
23183,0.8347
23184,0.1367
23185,0.0297
23186,0.014
23187,0.9512
23188,0.015
23189,0.0802
23190,0.0329
23191,0.0358
23192,0.0738
23193,0.0095
23194,0.0091
23195,0.067
23196,0.0195
23197,0.3634
23198,0.0378
23199,0.2
23200,0.9131
23201,0.0108
23202,0.7014
23203,0.1729
23204,0.0414
23205,0.019
23206,0.9588
23207,0.1534
23208,0.8467
23209,0.0084
23210,0.5827
23211,0.0616
23212,0.2013
23213,0.0751
23214,0.0364
23215,0.0141
23216,0.0709
23217,0.2186
23218,0.7719
23219,0.0075
23220,0.0439
23221,0.0322
23222,0.0264
23223,0.0352
23224,0.5069
23225,0.0305
23226,0.0362
23227,0.0172
23228,0.0183
23229,0.0203
23230,0.0571
23231,0.0367
23232,0.011
23233,0.0278
23234,0.045
23235,0.2744
23236,0.2328
23237,0.0264
23238,0.0237
23239,0.0691
23240,0.7613
23241,0.008
23242,0.0358
23243,0.1299
23244,0.1179
23245,0.872
23246,0.7236
23247,0.2532
23248,0.0152
23249,0.3413
23250,0.5524
23251,0.0231
23252,0.0231
23253,0.1884
23254,0.088
23255,0.015
23256,0.0158
23257,0.0168
23258,0.0876
23259,0.2658
23260,0.9517
23261,0.9138
23262,0.014
23263,0.2154
23264,0.0162
23265,0.0163
23266,0.3563
23267,0.3085
23268,0.8804
23269,0.0261
23270,0.701
23271,0.2101
23272,0.0065
23273,0.0991
23274,0.2831
23275,0.0127
23276,0.959
23277,0.0604
23278,0.0478
23279,0.6038
23280,0.7215
23281,0.3485
23282,0.9795
23283,0.0323
23284,0.7558
23285,0.0366
23286,0.0081
23287,0.1759
23288,0.0148
23289,0.0889
23290,0.0652
23291,0.2117
23292,0.1995
23293,0.0079
23294,0.0739
23295,0.0516
23296,0.5004
23297,0.1705
23298,0.1813
23299,0.0142
23300,0.018
23301,0.7902
23302,0.6935
23303,0.7066
23304,0.818
23305,0.384
23306,0.6516
23307,0.0058
23308,0.7889
23309,0.192
23310,0.0062
23311,0.3796
23312,0.1908
23313,0.0155
23314,0.3492
23315,0.0386
23316,0.4537
23317,0.4261
23318,0.061
23319,0.5822
23320,0.8815
23321,0.2032
23322,0.6337
23323,0.0107
23324,0.1047
23325,0.0121
23326,0.0211
23327,0.0093
23328,0.7995
23329,0.1258
23330,0.0276
23331,0.0134
23332,0.0853
23333,0.248
23334,0.04
23335,0.084
23336,0.023
23337,0.0476
23338,0.7186
23339,0.6736
23340,0.3391
23341,0.0989
23342,0.0181
23343,0.0171
23344,0.0294
23345,0.2729
23346,0.169
23347,0.059
23348,0.0537
23349,0.0151
23350,0.0801
23351,0.9416
23352,0.0303
23353,0.0296
23354,0.4292
23355,0.5475
23356,0.0206
23357,0.1409
23358,0.9284
23359,0.0574
23360,0.0311
23361,0.0331
23362,0.0746
23363,0.2134
23364,0.3283
23365,0.4302
23366,0.0123
23367,0.0189
23368,0.1181
23369,0.1026
23370,0.0338
23371,0.3804
23372,0.3793
23373,0.0217
23374,0.0399
23375,0.0401
23376,0.9579
23377,0.0082
23378,0.9632
23379,0.6705
23380,0.0071
23381,0.0943
23382,0.0315
23383,0.5403
23384,0.0147
23385,0.0357
23386,0.0342
23387,0.5465
23388,0.5057
23389,0.353
23390,0.9483
23391,0.0157
23392,0.0113
23393,0.0762
23394,0.2024
23395,0.0097
23396,0.1833
23397,0.702
23398,0.0239
23399,0.2806
23400,0.0545
23401,0.0105
23402,0.0986
23403,0.5402
23404,0.0825
23405,0.6572
23406,0.9622
23407,0.0177
23408,0.0723
23409,0.1553
23410,0.0161
23411,0.1169
23412,0.0847
23413,0.0219
23414,0.0375
23415,0.0142
23416,0.0297
23417,0.0211
23418,0.0202
23419,0.0068
23420,0.0102
23421,0.5232
23422,0.1528
23423,0.013
23424,0.0283
23425,0.2475
23426,0.0271
23427,0.0127
23428,0.0413
23429,0.013
23430,0.0462
23431,0.8274
23432,0.0216
23433,0.6504
23434,0.0492
23435,0.0288
23436,0.7448
23437,0.0655
23438,0.0497
23439,0.2132
23440,0.1566
23441,0.009
23442,0.5184
23443,0.0211
23444,0.2504
23445,0.0164
23446,0.0408
23447,0.0112
23448,0.2974
23449,0.3486
23450,0.0191
23451,0.0104
23452,0.0205
23453,0.6231
23454,0.9742
23455,0.0125
23456,0.0081
23457,0.9193
23458,0.1518
23459,0.1505
23460,0.0232
23461,0.0138
23462,0.0564
23463,0.2818
23464,0.0151
23465,0.3217
23466,0.1454
23467,0.0075
23468,0.0722
23469,0.0335
23470,0.0681
23471,0.0253
23472,0.5614
23473,0.8523
23474,0.1227
23475,0.0081
23476,0.551
23477,0.596
23478,0.1106
23479,0.1214
23480,0.0139
23481,0.1745
23482,0.0152
23483,0.0089
23484,0.9594
23485,0.0139
23486,0.0104
23487,0.0099
23488,0.0087
23489,0.0277
23490,0.1845
23491,0.0073
23492,0.7467
23493,0.0071
23494,0.0936
23495,0.226
23496,0.0279
23497,0.7088
23498,0.1623
23499,0.0194
23500,0.0484
23501,0.0156
23502,0.0252
23503,0.0336
23504,0.688
23505,0.0558
23506,0.0248
23507,0.0499
23508,0.0968
23509,0.0713
23510,0.0184
23511,0.8346
23512,0.7886
23513,0.0167
23514,0.968
23515,0.1727
23516,0.0117
23517,0.0142
23518,0.0088
23519,0.0125
23520,0.2671
23521,0.8743
23522,0.0303
23523,0.0762
23524,0.0135
23525,0.6137
23526,0.8497
23527,0.1428
23528,0.0698
23529,0.0801
23530,0.7019
23531,0.3703
23532,0.0526
23533,0.183
23534,0.0122
23535,0.0317
23536,0.0132
23537,0.0094
23538,0.4709
23539,0.0111
23540,0.24
23541,0.0095
23542,0.0696
23543,0.0346
23544,0.0147
23545,0.1562
23546,0.7103
23547,0.0093
23548,0.0736
23549,0.0314
23550,0.3277
23551,0.0078
23552,0.0111
23553,0.6939
23554,0.0093
23555,0.9763
23556,0.0278
23557,0.0426
23558,0.0253
23559,0.0348
23560,0.0263
23561,0.956
23562,0.0421
23563,0.2488
23564,0.0229
23565,0.292
23566,0.0222
23567,0.3877
23568,0.0636
23569,0.8335
23570,0.9506
23571,0.8477
23572,0.0135
23573,0.0244
23574,0.0077
23575,0.0106
23576,0.0174
23577,0.0119
23578,0.0099
23579,0.8211
23580,0.7247
23581,0.019
23582,0.0094
23583,0.0064
23584,0.011
23585,0.0191
23586,0.0363
23587,0.0113
23588,0.0126
23589,0.1404
23590,0.0129
23591,0.045
23592,0.0217
23593,0.0291
23594,0.056
23595,0.8747
23596,0.284
23597,0.9665
23598,0.1246
23599,0.0221
23600,0.0626
23601,0.0947
23602,0.0707
23603,0.0272
23604,0.0434
23605,0.0118
23606,0.7952
23607,0.9061
23608,0.0084
23609,0.0695
23610,0.0607
23611,0.0171
23612,0.1382
23613,0.1142
23614,0.0065
23615,0.8382
23616,0.0395
23617,0.0061
23618,0.7527
23619,0.0229
23620,0.0149
23621,0.1119
23622,0.1221
23623,0.0195
23624,0.0614
23625,0.9638
23626,0.0171
23627,0.0121
23628,0.0173
23629,0.0105
23630,0.0956
23631,0.8847
23632,0.0266
23633,0.8349
23634,0.016
23635,0.043
23636,0.0382
23637,0.0098
23638,0.09
23639,0.0145
23640,0.0063
23641,0.0085
23642,0.0722
23643,0.0692
23644,0.2
23645,0.0109
23646,0.5854
23647,0.0096
23648,0.2472
23649,0.0972
23650,0.9218
23651,0.0206
23652,0.0271
23653,0.9367
23654,0.0337
23655,0.5806
23656,0.0601
23657,0.1685
23658,0.7259
23659,0.1331
23660,0.0469
23661,0.0684
23662,0.1674
23663,0.0172
23664,0.9142
23665,0.0109
23666,0.0449
23667,0.1233
23668,0.0219
23669,0.8649
23670,0.0204
23671,0.0766
23672,0.0188
23673,0.0101
23674,0.8983
23675,0.0409
23676,0.0197
23677,0.1581
23678,0.9047
23679,0.0711
23680,0.0483
23681,0.2135
23682,0.0062
23683,0.1308
23684,0.0071
23685,0.4192
23686,0.1003
23687,0.8839
23688,0.0062
23689,0.0897
23690,0.1515
23691,0.6078
23692,0.0072
23693,0.9408
23694,0.944
23695,0.007
23696,0.4075
23697,0.0722
23698,0.8094
23699,0.026
23700,0.0204
23701,0.0124
23702,0.6833
23703,0.0143
23704,0.2621
23705,0.0144
23706,0.0386
23707,0.0274
23708,0.2941
23709,0.0476
23710,0.0115
23711,0.0676
23712,0.0075
23713,0.1296
23714,0.8181
23715,0.9744
23716,0.0852
23717,0.1939
23718,0.0103
23719,0.0472
23720,0.1215
23721,0.0091
23722,0.0118
23723,0.9863
23724,0.053
23725,0.0098
23726,0.0157
23727,0.0784
23728,0.4261
23729,0.0095
23730,0.9212
23731,0.0197
23732,0.0165
23733,0.0132
23734,0.9411
23735,0.0295
23736,0.0146
23737,0.0811
23738,0.0522
23739,0.1601
23740,0.0827
23741,0.5937
23742,0.1723
23743,0.0185
23744,0.2063
23745,0.9586
23746,0.0279
23747,0.0238
23748,0.9308
23749,0.3476
23750,0.3099
23751,0.0348
23752,0.9648
23753,0.0261
23754,0.0234
23755,0.0562
23756,0.0407
23757,0.2089
23758,0.018
23759,0.4499
23760,0.0313
23761,0.0145
23762,0.0134
23763,0.8003
23764,0.0102
23765,0.0426
23766,0.0127
23767,0.031
23768,0.8346
23769,0.1429
23770,0.191
23771,0.0513
23772,0.2396
23773,0.0117
23774,0.2284
23775,0.753
23776,0.0148
23777,0.0915
23778,0.9081
23779,0.2047
23780,0.8818
23781,0.0165
23782,0.0697
23783,0.0155
23784,0.0073
23785,0.0112
23786,0.669
23787,0.2171
23788,0.058
23789,0.3965
23790,0.6316
23791,0.0111
23792,0.0109
23793,0.0066
23794,0.005
23795,0.008
23796,0.0101
23797,0.8409
23798,0.046
23799,0.5861
23800,0.2506
23801,0.2423
23802,0.1992
23803,0.5685
23804,0.0429
23805,0.7318
23806,0.6083
23807,0.1199
23808,0.0319
23809,0.8421
23810,0.0269
23811,0.3896
23812,0.957
23813,0.0593
23814,0.0084
23815,0.0242
23816,0.016
23817,0.8972
23818,0.0096
23819,0.4292
23820,0.0096
23821,0.0125
23822,0.0194
23823,0.0716
23824,0.104
23825,0.0265
23826,0.2086
23827,0.095
23828,0.0111
23829,0.0866
23830,0.0735
23831,0.125
23832,0.7827
23833,0.0122
23834,0.0105
23835,0.0227
23836,0.0911
23837,0.2666
23838,0.0345
23839,0.026
23840,0.443
23841,0.6984
23842,0.4206
23843,0.0554
23844,0.1813
23845,0.2573
23846,0.0324
23847,0.0075
23848,0.0137
23849,0.865
23850,0.0134
23851,0.5844
23852,0.0074
23853,0.0075
23854,0.7225
23855,0.0431
23856,0.3103
23857,0.1459
23858,0.1264
23859,0.0183
23860,0.0177
23861,0.0618
23862,0.0153
23863,0.0102
23864,0.0231
23865,0.1519
23866,0.0272
23867,0.8181
23868,0.3892
23869,0.0263
23870,0.0185
23871,0.6464
23872,0.0667
23873,0.0319
23874,0.7727
23875,0.0067
23876,0.0771
23877,0.1619
23878,0.9156
23879,0.0292
23880,0.0107
23881,0.918
23882,0.8372
23883,0.0484
23884,0.0192
23885,0.9466
23886,0.0143
23887,0.0077
23888,0.0804
23889,0.4675
23890,0.013
23891,0.0157
23892,0.3595
23893,0.109
23894,0.0646
23895,0.0037
23896,0.1455
23897,0.2051
23898,0.0145
23899,0.0271
23900,0.024
23901,0.0804
23902,0.025
23903,0.0231
23904,0.1256
23905,0.0191
23906,0.0235
23907,0.031
23908,0.0109
23909,0.014
23910,0.0231
23911,0.0138
23912,0.0817
23913,0.0167
23914,0.0144
23915,0.0077
23916,0.3798
23917,0.0083
23918,0.8607
23919,0.016
23920,0.4354
23921,0.0147
23922,0.0491
23923,0.8278
23924,0.0087
23925,0.9433
23926,0.006
23927,0.4972
23928,0.0809
23929,0.4433
23930,0.0311
23931,0.014
23932,0.2354
23933,0.1139
23934,0.0677
23935,0.0196
23936,0.0746
23937,0.0411
23938,0.0304
23939,0.356
23940,0.1292
23941,0.8988
23942,0.0721
23943,0.0547
23944,0.1425
23945,0.0813
23946,0.0115
23947,0.047
23948,0.6002
23949,0.0271
23950,0.0114
23951,0.012
23952,0.032
23953,0.0257
23954,0.1043
23955,0.0449
23956,0.1101
23957,0.0077
23958,0.727
23959,0.0151
23960,0.127
23961,0.2006
23962,0.0052
23963,0.5635
23964,0.0881
23965,0.0151
23966,0.0095
23967,0.0094
23968,0.0563
23969,0.0414
23970,0.8468
23971,0.0117
23972,0.0073
23973,0.0571
23974,0.4829
23975,0.9209
23976,0.0079
23977,0.9714
23978,0.0616
23979,0.3138
23980,0.5876
23981,0.0108
23982,0.0892
23983,0.9423
23984,0.0576
23985,0.0079
23986,0.0697
23987,0.2129
23988,0.0134
23989,0.1892
23990,0.0757
23991,0.626
23992,0.3254
23993,0.0098
23994,0.7699
23995,0.0786
23996,0.0638
23997,0.0509
23998,0.8777
23999,0.3695
24000,0.0383
24001,0.0387
24002,0.0571
24003,0.0791
24004,0.1541
24005,0.786
24006,0.3961
24007,0.0186
24008,0.0213
24009,0.0149
24010,0.0079
24011,0.0115
24012,0.0116
24013,0.1161
24014,0.8692
24015,0.7967
24016,0.0217
24017,0.7238
24018,0.0113
24019,0.0139
24020,0.0272
24021,0.0229
24022,0.0557
24023,0.9749
24024,0.9418
24025,0.0266
24026,0.0185
24027,0.0216
24028,0.0166
24029,0.3241
24030,0.0128
24031,0.0092
24032,0.1345
24033,0.0171
24034,0.0463
24035,0.0165
24036,0.292
24037,0.0643
24038,0.2733
24039,0.9103
24040,0.0065
24041,0.9435
24042,0.8187
24043,0.097
24044,0.5126
24045,0.924
24046,0.3028
24047,0.1017
24048,0.2725
24049,0.0832
24050,0.0669
24051,0.013
24052,0.0274
24053,0.1463
24054,0.0168
24055,0.3546
24056,0.022
24057,0.0371
24058,0.1394
24059,0.8995
24060,0.8651
24061,0.0102
24062,0.0204
24063,0.049
24064,0.0314
24065,0.0196
24066,0.1079
24067,0.0172
24068,0.2735
24069,0.0168
24070,0.3962
24071,0.1062
24072,0.1089
24073,0.7494
24074,0.0287
24075,0.9436
24076,0.0259
24077,0.1256
24078,0.0082
24079,0.6233
24080,0.269
24081,0.0056
24082,0.4854
24083,0.8912
24084,0.0175
24085,0.4401
24086,0.0102
24087,0.032
24088,0.1381
24089,0.6158
24090,0.1114
24091,0.0952
24092,0.0081
24093,0.038
24094,0.0667
24095,0.0045
24096,0.2803
24097,0.0928
24098,0.4615
24099,0.1014
24100,0.0265
24101,0.1675
24102,0.0133
24103,0.902
24104,0.0728
24105,0.1094
24106,0.0238
24107,0.01
24108,0.019
24109,0.8938
24110,0.8904
24111,0.905
24112,0.2732
24113,0.0198
24114,0.0535
24115,0.0116
24116,0.9805
24117,0.0847
24118,0.026
24119,0.0653
24120,0.0406
24121,0.2078
24122,0.0139
24123,0.0114
24124,0.2748
24125,0.0104
24126,0.0261
24127,0.0102
24128,0.016
24129,0.012
24130,0.0628
24131,0.0592
24132,0.036
24133,0.1783
24134,0.8909
24135,0.6615
24136,0.0955
24137,0.0121
24138,0.0309
24139,0.0064
24140,0.0191
24141,0.923
24142,0.1262
24143,0.9311
24144,0.6008
24145,0.0326
24146,0.1417
24147,0.0941
24148,0.0344
24149,0.1315
24150,0.0677
24151,0.1929
24152,0.8974
24153,0.1036
24154,0.4289
24155,0.0939
24156,0.1525
24157,0.0365
24158,0.2299
24159,0.0238
24160,0.0843
24161,0.9635
24162,0.0177
24163,0.1779
24164,0.0374
24165,0.062
24166,0.0431
24167,0.8854
24168,0.0645
24169,0.01
24170,0.0191
24171,0.311
24172,0.0176
24173,0.0048
24174,0.8657
24175,0.0977
24176,0.0271
24177,0.052
24178,0.9211
24179,0.0297
24180,0.1905
24181,0.5722
24182,0.0127
24183,0.0144
24184,0.2586
24185,0.873
24186,0.0169
24187,0.0207
24188,0.0126
24189,0.0608
24190,0.2073
24191,0.0141
24192,0.9648
24193,0.0072
24194,0.0116
24195,0.0183
24196,0.0814
24197,0.6167
24198,0.0064
24199,0.7893
24200,0.0769
24201,0.0134
24202,0.1355
24203,0.5067
24204,0.0278
24205,0.0631
24206,0.0833
24207,0.2334
24208,0.0146
24209,0.0921
24210,0.0272
24211,0.079
24212,0.009
24213,0.0968
24214,0.0254
24215,0.5992
24216,0.2222
24217,0.0185
24218,0.0462
24219,0.4579
24220,0.0196
24221,0.2279
24222,0.0875
24223,0.0622
24224,0.3878
24225,0.0835
24226,0.0431
24227,0.018
24228,0.0179
24229,0.0807
24230,0.6477
24231,0.0123
24232,0.0503
24233,0.0099
24234,0.0141
24235,0.1347
24236,0.7349
24237,0.5169
24238,0.0386
24239,0.2691
24240,0.0267
24241,0.2541
24242,0.0153
24243,0.0675
24244,0.0449
24245,0.0306
24246,0.035
24247,0.0218
24248,0.0185
24249,0.0128
24250,0.0161
24251,0.014
24252,0.0094
24253,0.0871
24254,0.8188
24255,0.0148
24256,0.0101
24257,0.033
24258,0.0763
24259,0.141
24260,0.0738
24261,0.1099
24262,0.0619
24263,0.1329
24264,0.0228
24265,0.0678
24266,0.0104
24267,0.0785
24268,0.014
24269,0.0266
24270,0.9205
24271,0.0263
24272,0.018
24273,0.0139
24274,0.0836
24275,0.8004
24276,0.0874
24277,0.1327
24278,0.0795
24279,0.0105
24280,0.1108
24281,0.0339
24282,0.6347
24283,0.0269
24284,0.0141
24285,0.0392
24286,0.1588
24287,0.3534
24288,0.6926
24289,0.0232
24290,0.1387
24291,0.0242
24292,0.0241
24293,0.0612
24294,0.0731
24295,0.0153
24296,0.0092
24297,0.0162
24298,0.2344
24299,0.1211
24300,0.0152
24301,0.0656
24302,0.0146
24303,0.015
24304,0.0117
24305,0.0218
24306,0.0045
24307,0.8761
24308,0.7566
24309,0.0124
24310,0.0278
24311,0.1068
24312,0.0104
24313,0.0102
24314,0.0203
24315,0.0287
24316,0.0256
24317,0.1673
24318,0.8063
24319,0.8724
24320,0.0104
24321,0.0226
24322,0.0379
24323,0.0298
24324,0.0144
24325,0.927
24326,0.9494
24327,0.069
24328,0.0122
24329,0.0176
24330,0.4076
24331,0.0236
24332,0.0432
24333,0.0373
24334,0.1149
24335,0.3879
24336,0.9729
24337,0.2256
24338,0.1975
24339,0.6595
24340,0.0575
24341,0.0928
24342,0.0872
24343,0.0095
24344,0.0081
24345,0.1575
24346,0.0295
24347,0.283
24348,0.0184
24349,0.8799
24350,0.0818
24351,0.0146
24352,0.2722
24353,0.0102
24354,0.0443
24355,0.0368
24356,0.0131
24357,0.0776
24358,0.0231
24359,0.0181
24360,0.0336
24361,0.0844
24362,0.0114
24363,0.9267
24364,0.0663
24365,0.1155
24366,0.0127
24367,0.0694
24368,0.0743
24369,0.0116
24370,0.0183
24371,0.0828
24372,0.012
24373,0.9325
24374,0.0751
24375,0.8284
24376,0.1494
24377,0.0377
24378,0.0126
24379,0.6965
24380,0.8663
24381,0.8716
24382,0.0068
24383,0.4375
24384,0.5019
24385,0.0209
24386,0.2263
24387,0.5777
24388,0.014
24389,0.0138
24390,0.093
24391,0.7241
24392,0.1011
24393,0.0528
24394,0.0351
24395,0.1162
24396,0.9011
24397,0.0082
24398,0.0098
24399,0.0054
24400,0.0356
24401,0.0098
24402,0.0178
24403,0.9218
24404,0.0238
24405,0.0764
24406,0.0152
24407,0.5278
24408,0.7855
24409,0.021
24410,0.7414
24411,0.0187
24412,0.1697
24413,0.0266
24414,0.0253
24415,0.009
24416,0.0122
24417,0.0132
24418,0.817
24419,0.0486
24420,0.0173
24421,0.0361
24422,0.6747
24423,0.0155
24424,0.0126
24425,0.0862
24426,0.2732
24427,0.0145
24428,0.1367
24429,0.8579
24430,0.0848
24431,0.0388
24432,0.0081
24433,0.0439
24434,0.01
24435,0.115
24436,0.1327
24437,0.3533
24438,0.0113
24439,0.0547
24440,0.0127
24441,0.0207
24442,0.0393
24443,0.6345
24444,0.125
24445,0.928
24446,0.1045
24447,0.5337
24448,0.0105
24449,0.3256
24450,0.0169
24451,0.105
24452,0.6791
24453,0.4864
24454,0.0232
24455,0.0482
24456,0.1007
24457,0.1189
24458,0.0132
24459,0.1387
24460,0.0092
24461,0.0142
24462,0.8519
24463,0.0158
24464,0.1419
24465,0.6807
24466,0.7705
24467,0.1079
24468,0.0087
24469,0.0082
24470,0.0186
24471,0.9658
24472,0.133
24473,0.8487
24474,0.1572
24475,0.0118
24476,0.0266
24477,0.0622
24478,0.1022
24479,0.0405
24480,0.0316
24481,0.0162
24482,0.6985
24483,0.1093
24484,0.0226
24485,0.02
24486,0.016
24487,0.2445
24488,0.3772
24489,0.0296
24490,0.0176
24491,0.3939
24492,0.0859
24493,0.0206
24494,0.0763
24495,0.0263
24496,0.0116
24497,0.0709
24498,0.2873
24499,0.0139
24500,0.011
24501,0.3736
24502,0.0188
24503,0.0093
24504,0.0106
24505,0.0106
24506,0.0388
24507,0.0086
24508,0.0071
24509,0.1069
24510,0.1479
24511,0.4723
24512,0.093
24513,0.0147
24514,0.828
24515,0.2751
24516,0.0286
24517,0.0153
24518,0.9648
24519,0.9557
24520,0.0191
24521,0.0474
24522,0.0108
24523,0.8146
24524,0.0239
24525,0.1925
24526,0.0127
24527,0.012
24528,0.1937
24529,0.0184
24530,0.0156
24531,0.0092
24532,0.967
24533,0.5839
24534,0.1492
24535,0.1226
24536,0.3837
24537,0.1552
24538,0.1008
24539,0.5728
24540,0.6626
24541,0.021
24542,0.1347
24543,0.0828
24544,0.2125
24545,0.0132
24546,0.2074
24547,0.0798
24548,0.9632
24549,0.0418
24550,0.0155
24551,0.012
24552,0.0141
24553,0.0092
24554,0.0378
24555,0.0287
24556,0.0051
24557,0.0818
24558,0.9614
24559,0.0613
24560,0.9146
24561,0.4913
24562,0.9469
24563,0.013
24564,0.0098
24565,0.1187
24566,0.0442
24567,0.0216
24568,0.7499
24569,0.0127
24570,0.2892
24571,0.0081
24572,0.162
24573,0.007
24574,0.019
24575,0.0214
24576,0.9572
24577,0.0109
24578,0.0106
24579,0.8987
24580,0.0212
24581,0.9529
24582,0.2846
24583,0.9327
24584,0.9413
24585,0.0094
24586,0.0305
24587,0.1913
24588,0.0194
24589,0.04
24590,0.2893
24591,0.0105
24592,0.2499
24593,0.071
24594,0.4595
24595,0.0091
24596,0.9567
24597,0.0363
24598,0.0095
24599,0.022
24600,0.1468
24601,0.2765
24602,0.0175
24603,0.027
24604,0.0065
24605,0.0186
24606,0.8737
24607,0.0076
24608,0.0611
24609,0.3075
24610,0.0107
24611,0.0192
24612,0.6861
24613,0.0277
24614,0.0158
24615,0.0888
24616,0.8962
24617,0.0397
24618,0.8683
24619,0.0277
24620,0.1723
24621,0.4052
24622,0.0128
24623,0.1401
24624,0.0104
24625,0.846
24626,0.4046
24627,0.0289
24628,0.16
24629,0.0419
24630,0.4118
24631,0.0174
24632,0.0134
24633,0.0052
24634,0.4458
24635,0.1414
24636,0.11
24637,0.4489
24638,0.0175
24639,0.0257
24640,0.0111
24641,0.481
24642,0.7832
24643,0.0254
24644,0.0919
24645,0.2193
24646,0.7008
24647,0.2398
24648,0.3187
24649,0.0378
24650,0.0621
24651,0.0327
24652,0.1658
24653,0.5049
24654,0.9231
24655,0.0436
24656,0.0053
24657,0.6459
24658,0.4247
24659,0.0101
24660,0.0113
24661,0.1051
24662,0.8452
24663,0.0128
24664,0.081
24665,0.0158
24666,0.0136
24667,0.0691
24668,0.6594
24669,0.4849
24670,0.6436
24671,0.9694
24672,0.0689
24673,0.0065
24674,0.3844
24675,0.0096
24676,0.0085
24677,0.8332
24678,0.9324
24679,0.0631
24680,0.8352
24681,0.0126
24682,0.0122
24683,0.0842
24684,0.9623
24685,0.0974
24686,0.137
24687,0.0743
24688,0.5946
24689,0.4951
24690,0.0082
24691,0.0115
24692,0.8612
24693,0.0882
24694,0.0811
24695,0.0251
24696,0.3681
24697,0.008
24698,0.0167
24699,0.704
24700,0.0509
24701,0.0052
24702,0.0658
24703,0.0159
24704,0.063
24705,0.2693
24706,0.191
24707,0.4616
24708,0.0899
24709,0.1795
24710,0.0221
24711,0.0239
24712,0.4863
24713,0.0737
24714,0.0721
24715,0.0508
24716,0.4762
24717,0.0381
24718,0.0079
24719,0.1257
24720,0.3259
24721,0.3026
24722,0.0077
24723,0.006
24724,0.0458
24725,0.663
24726,0.1483
24727,0.0162
24728,0.8433
24729,0.0438
24730,0.0094
24731,0.0591
24732,0.0438
24733,0.0517
24734,0.2844
24735,0.0155
24736,0.1202
24737,0.0069
24738,0.18
24739,0.0069
24740,0.1455
24741,0.0704
24742,0.3355
24743,0.0082
24744,0.2884
24745,0.1014
24746,0.0244
24747,0.1235
24748,0.6672
24749,0.0365
24750,0.0488
24751,0.029
24752,0.0108
24753,0.0661
24754,0.1545
24755,0.0287
24756,0.0438
24757,0.3436
24758,0.0176
24759,0.0193
24760,0.0145
24761,0.016
24762,0.335
24763,0.0549
24764,0.0129
24765,0.0269
24766,0.0257
24767,0.0864
24768,0.0253
24769,0.1462
24770,0.015
24771,0.0076
24772,0.1174
24773,0.0788
24774,0.2748
24775,0.0134
24776,0.1494
24777,0.0552
24778,0.8748
24779,0.0182
24780,0.0131
24781,0.0151
24782,0.934
24783,0.064
24784,0.3037
24785,0.3278
24786,0.2482
24787,0.0104
24788,0.7579
24789,0.163
24790,0.0072
24791,0.117
24792,0.0173
24793,0.5601
24794,0.0191
24795,0.0274
24796,0.969
24797,0.0145
24798,0.01
24799,0.0437
24800,0.0818
24801,0.0067
24802,0.6558
24803,0.005
24804,0.0063
24805,0.0356
24806,0.0286
24807,0.0553
24808,0.0102
24809,0.2931
24810,0.0221
24811,0.036
24812,0.0084
24813,0.1262
24814,0.1161
24815,0.0241
24816,0.0111
24817,0.0578
24818,0.0356
24819,0.4786
24820,0.8847
24821,0.0118
24822,0.0234
24823,0.0404
24824,0.1604
24825,0.0098
24826,0.7086
24827,0.0061
24828,0.0531
24829,0.0199
24830,0.2646
24831,0.015
24832,0.0257
24833,0.049
24834,0.0366
24835,0.1071
24836,0.0641
24837,0.0111
24838,0.5057
24839,0.1433
24840,0.9413
24841,0.9278
24842,0.0074
24843,0.1794
24844,0.0143
24845,0.0088
24846,0.0087
24847,0.7074
24848,0.031
24849,0.0312
24850,0.0498
24851,0.4235
24852,0.2666
24853,0.0366
24854,0.0129
24855,0.96
24856,0.0064
24857,0.0224
24858,0.0479
24859,0.0844
24860,0.1251
24861,0.1592
24862,0.0093
24863,0.6821
24864,0.0164
24865,0.1662
24866,0.9695
24867,0.5344
24868,0.0593
24869,0.0473
24870,0.7061
24871,0.1947
24872,0.0251
24873,0.0128
24874,0.1623
24875,0.0861
24876,0.0783
24877,0.2759
24878,0.017
24879,0.2914
24880,0.1281
24881,0.1469
24882,0.0456
24883,0.5825
24884,0.3242
24885,0.2376
24886,0.1449
24887,0.0475
24888,0.0167
24889,0.7372
24890,0.0554
24891,0.0661
24892,0.0239
24893,0.2553
24894,0.0341
24895,0.9517
24896,0.9169
24897,0.103
24898,0.9442
24899,0.0904
24900,0.0408
24901,0.015
24902,0.539
24903,0.0135
24904,0.0289
24905,0.5303
24906,0.0381
24907,0.6653
24908,0.294
24909,0.0193
24910,0.0159
24911,0.0105
24912,0.1085
24913,0.0259
24914,0.0126
24915,0.0551
24916,0.8449
24917,0.0301
24918,0.716
24919,0.0117
24920,0.2505
24921,0.7061
24922,0.0092
24923,0.0416
24924,0.0519
24925,0.0266
24926,0.0184
24927,0.0754
24928,0.1179
24929,0.1024
24930,0.3876
24931,0.9422
24932,0.0371
24933,0.0313
24934,0.0219
24935,0.1075
24936,0.1373
24937,0.8765
24938,0.9592
24939,0.0445
24940,0.0199
24941,0.0479
24942,0.0281
24943,0.0209
24944,0.0073
24945,0.0093
24946,0.0078
24947,0.0629
24948,0.0144
24949,0.0107
24950,0.0669
24951,0.0542
24952,0.0766
24953,0.0355
24954,0.0779
24955,0.1656
24956,0.0824
24957,0.0108
24958,0.0264
24959,0.1471
24960,0.6022
24961,0.0173
24962,0.0065
24963,0.0142
24964,0.008
24965,0.0355
24966,0.8065
24967,0.0105
24968,0.0333
24969,0.9083
24970,0.6659
24971,0.2332
24972,0.0453
24973,0.0149
24974,0.0398
24975,0.2856
24976,0.1993
24977,0.0055
24978,0.0284
24979,0.3522
24980,0.0179
24981,0.3469
24982,0.0209
24983,0.0195
24984,0.0318
24985,0.7011
24986,0.9243
24987,0.0453
24988,0.014
24989,0.8333
24990,0.8468
24991,0.4053
24992,0.0074
24993,0.1054
24994,0.9281
24995,0.0114
24996,0.0131
24997,0.0089
24998,0.0781
24999,0.0923
